player_id,player_name,yearCombine,position,height,weight,max_vertical,bench_reps,timeLaneAgility,timeThreeQuarterCourtSprint,timeModifiedLaneAgility,lengthHandInches,widthHandInches,body_fat_pct
1629619,Myles Powell,2020,PG-SG,72.5,194.0,,,,,,8.0,9.0,15.8
2421,Frank Williams,2002,PG,73.5,212.0,31.0,,11.73,3.29,,,,
1629670,Jordan Nwora,2020,SF-PF,77.75,223.0,35.0,,11.29,3.43,2.66,8.5,9.25,11.68
12294,Rashad Wright,2004,PG,72.5,190.0,32.5,10.0,11.15,3.28,,,,8.0
2437,Lonny Baxter,2002,PF-C,78.25,264.0,32.5,14.0,11.77,3.21,,,,
101194,Anthony Roberson,2005,PG,72.75,178.8,37.0,14.0,11.17,3.19,,,,
1629640,Keldon Johnson,2019,SG,76.75,216.4,,,,,,8.0,9.25,5.6
12017,Caswell Cyrus,2000,PF,79.75,220.5,37.5,18.0,12.12,3.16,,,,
12430,Demetri McCamey,2011,PG,73.75,204.0,33.0,,11.55,3.19,,8.5,9.0,6.1
203481,Jeff Withey,2013,C,82.75,221.8,29.0,10.0,12.49,3.47,3.29,9.0,9.75,8.65
203519,Adonis Thomas,2013,SF,76.75,231.8,40.5,13.0,11.64,3.32,3.11,9.25,9.5,7.5
2059,Eduardo Najera,2000,PF-SF,78.5,234.5,35.0,15.0,11.38,3.45,,,,
12066,David Graves,2002,SG,76.5,212.0,29.5,8.0,11.2,3.27,,,,
201953,Eric Maynor,2009,PG,74.25,163.6,31.5,8.0,10.78,3.19,,,,5.4
202399,Jeff Adrien,2009,PF,77.25,236.2,31.5,16.0,11.34,3.32,,,,7.9
1629636,Darius Garland,2019,PG,,,,,,,,,,
2563,Dahntay Jones,2003,SG-SF,76.75,214.0,39.5,,10.91,3.11,,,,2.6
12050,Sean Kennedy,2002,PG,72.75,182.0,26.5,0.0,11.64,3.28,,,,
1626166,Cameron Payne,2015,PG,72.75,182.8,35.5,0.0,10.9,3.28,2.93,8.5,8.25,6.3
203658,Norvel Pelle,2013,PF-C,81.5,207.2,34.5,0.0,11.49,3.32,3.2,8.75,9.5,5.15
1627761,DeAndre Bembry,2016,SG-SF,76.25,206.6,38.0,,10.9,3.17,2.87,8.0,9.25,7.0
12123,Kenny Adeleke,2006,PF-C,78.5,250.0,30.5,26.0,11.57,3.47,,,,10.5
12011,Aerick Sanders,2004,PF,78.5,205.0,30.5,9.0,11.98,3.37,,,,6.7
203254,JaMychal Green,2012,PF,80.0,217.4,32.5,19.0,10.63,3.38,,9.25,9.25,9.8
2403,Nene,2002,PF,81.25,253.0,34.0,16.0,10.73,3.19,,,,
201144,Mike Conley,2007,PG,71.0,175.0,40.5,13.0,11.63,3.09,,,,4.2
1628398,Kyle Kuzma,2017,SF-SG,80.0,222.6,34.0,12.0,10.72,3.25,2.98,8.5,9.5,9.4
1630218,Robert Woodard II,2020,SF,77.5,230.2,38.0,,11.1,3.18,2.49,9.0,10.75,4.5
12230,Curtis Sumpter,2007,SF,78.0,227.0,32.5,12.0,11.3,3.22,,,,5.3
2400,Drew Gooden,2002,PF,80.75,227.0,33.0,13.0,11.81,3.19,,,,
2749,Jameer Nelson,2004,PG,71.0,199.0,33.5,15.0,10.95,3.14,,,,8.0
2549,Chris Kaman,2003,C-PF,83.5,252.0,30.5,15.0,11.33,3.37,,,,16.3
2744,Al Jefferson,2004,PF-SF,80.5,263.0,30.0,3.0,13.08,3.29,,,,10.5
12252,Vladimir Golubovic,2008,C,83.25,258.0,27.0,15.0,12.4,3.33,,,,6.9
203648,Thanasis Antetokounmpo,2014,SF,77.25,205.2,39.5,,11.39,3.18,3.05,9.0,9.75,6.05
1626203,Treveon Graham,2015,SF,76.0,219.4,31.5,11.0,11.64,3.3,3.15,8.5,8.25,5.5
1626150,Andrew Harrison,2015,PG,76.5,213.2,33.0,,11.2,3.34,,8.25,9.25,5.9
1627745,Damian Jones,2016,C,82.25,243.6,37.0,,11.35,3.2,3.12,8.75,10.5,6.55
2243,Brian Scalabrine,2001,PF-SF,80.75,241.0,30.5,14.0,11.75,3.47,,,,13.6
201148,Brandan Wright,2007,PF,80.75,200.0,35.5,2.0,11.76,3.31,,,,5.8
12019,Harold Arceneaux,2000,SG-SF,76.5,219.0,29.0,0.0,13.8,,,,,
12467,Drew Gordon,2012,PF,80.0,239.0,34.0,10.0,11.35,3.49,,8.5,9.75,9.1
202326,DeMarcus Cousins,2010,C,81.5,291.8,27.5,,11.4,3.55,,9.25,10.0,16.4
201201,Marcus Slaughter,2006,PF-SF,79.0,220.0,34.0,9.0,11.56,3.4,,,,8.5
202350,Daniel Orton,2010,C,80.75,269.2,30.5,13.0,12.32,3.39,,8.5,9.75,13.8
1628453,Melo Trimble,2017,PG,73.25,195.2,32.0,6.0,10.75,3.27,2.92,8.0,8.75,10.6
1628412,Frank Mason III,2017,PG,71.0,188.8,41.0,15.0,11.41,3.18,3.09,8.0,9.25,4.3
1630234,Ty-Shon Alexander,2020,SG,74.0,200.8,33.0,,11.33,3.26,2.47,8.75,8.75,12.3
202329,Al-Farouq Aminu,2010,SF,79.25,216.0,33.5,13.0,11.29,3.3,,9.5,9.5,8.2
203920,Khem Birch,2014,PF,79.5,208.8,35.5,,11.6,3.26,3.24,9.0,8.5,6.0
1629608,Dewan Hernandez,2019,C,81.0,232.8,35.5,13.0,11.46,3.28,3.25,9.5,10.25,6.1
12141,Jacob Jaacks,2000,PF,81.25,238.0,32.0,3.0,11.48,3.58,,,,
201228,CJ Watson,2006,PG,72.5,171.0,34.0,12.0,11.61,3.15,,,,5.2
2486,Maurice Baker,2002,PG,71.75,178.0,33.0,2.0,12.19,3.29,,,,
2768,Chris Duhon,2004,PG,72.0,193.0,35.0,7.0,10.45,3.14,,,,6.7
201954,Darren Collison,2009,PG,72.25,166.2,33.5,9.0,10.45,3.1,,,,5.7
201166,Aaron Brooks,2007,PG,70.0,161.0,39.5,6.0,10.57,3.2,,,,2.7
1628976,Wendell Carter,2018,C-PF,80.75,251.4,,,,,,8.5,9.0,7.85
2591,James Lang,2003,C-PF,80.25,316.0,32.0,8.0,14.01,3.55,,,,21.4
2572,Josh Howard,2003,SF-SG,77.25,202.0,36.5,4.0,10.89,3.09,,,,6.0
1629631,De'Andre Hunter,2019,,,,,,,,,,,
1629684,Grant Williams,2019,PF,77.75,240.2,31.5,20.0,10.83,3.33,3.27,9.0,10.5,5.4
1626207,Ryan Boatright,2015,PG,70.0,169.6,41.0,10.0,10.71,3.26,3.05,7.5,8.75,6.6
2586,Keith Bogans,2003,SG,76.25,213.0,35.0,10.0,11.43,3.25,,,,8.0
101149,Martynas Andriuskevicius,2005,C-PF,85.25,227.8,27.5,0.0,11.94,3.42,,,,
1627767,Cheick Diallo,2016,PF,79.5,218.6,35.0,,11.24,3.26,3.3,8.5,9.75,5.6
101138,Brandon Bass,2004,PF,78.25,246.0,33.0,18.0,11.61,3.24,,,,9.3
1629022,Lonnie Walker,2018,SG,75.75,196.2,40.0,12.0,10.87,3.06,2.91,9.0,9.5,5.65
1627736,Malik Beasley,2016,SG,75.5,189.8,,,,,0.0,8.5,9.0,6.9
2590,Mo Williams,2003,PG-SG,72.75,189.0,,3.0,,,,,,6.7
101159,Dijon Thompson,2005,SF-SG,78.25,195.8,,,,,,,,
203949,James McAdoo,2014,PF,79.5,227.6,34.0,,11.61,3.28,2.91,9.25,9.0,6.15
201225,Carlos Powell,2005,SF-PF,77.25,221.8,34.5,12.0,11.54,3.21,,,,
203460,Andre Roberson,2013,PF-SF,78.25,205.8,36.5,10.0,11.36,3.34,3.02,8.75,9.5,7.05
12119,Omar Thomas,2005,SF-SG,75.25,200.0,29.5,6.0,11.11,3.27,,,,
2765,Andre Emmett,2004,SG-SF,75.5,216.0,,,,,,,,6.7
203480,James Southerland,2013,SF-PF,79.0,220.6,32.0,5.0,10.9,3.38,3.03,8.0,9.5,8.05
203895,Jordan McRae,2014,SG,75.75,179.4,34.5,,11.07,3.39,3.15,8.75,8.5,5.2
2822,Rich Melzer,2004,PF-SF,79.5,229.0,28.5,8.0,11.74,3.39,,,,12.4
1629023,P.J. Washington,2019,PF,78.5,230.4,,,,,,9.0,10.25,8.6
1627361,Dez Wells,2015,SG,75.0,208.8,39.0,15.0,10.56,3.2,3.05,8.75,9.75,8.1
12256,Shawn James,2008,PF,79.75,217.0,,6.0,,,,,,9.2
201180,Yue Sun,2007,SF,79.75,212.0,34.0,9.0,10.68,3.45,,,,5.1
2414,Curtis Borchardt,2002,C,82.75,238.0,27.0,7.0,12.56,3.63,,,,
1628973,Jalen Brunson,2018,PG,73.0,198.4,37.0,7.0,10.59,3.15,3.11,8.25,9.25,6.7
101223,Aaron Miles,2005,PG,72.0,174.6,37.5,7.0,10.69,3.22,,,,
202696,Nikola Vucevic,2011,PF-C,82.25,259.8,25.0,8.0,12.02,3.27,,9.25,10.25,6.1
2405,Amar'e Stoudemire,2002,PF,80.5,233.0,35.5,12.0,11.19,3.25,,,,
203948,Johnny O?Bryant III,2014,PF,79.25,256.8,35.5,,11.57,3.45,3.32,9.25,9.5,10.75
201974,Derrick Brown,2009,SF-PF,79.5,224.6,35.5,20.0,11.26,3.13,,,,8.6
2551,T.J. Ford,2003,PG,71.0,162.0,39.5,0.0,11.45,3.2,,,,6.7
12239,Ramel Bradley,2008,PG-SG,73.25,184.0,29.5,9.0,10.68,3.24,,,,5.7
101187,Alan Anderson,2005,SG-SF,76.5,223.2,30.5,10.0,10.32,3.27,,,,
203096,Jared Sullinger,2012,PF,79.75,268.2,31.0,9.0,12.77,3.81,,9.25,9.75,10.7
1629653,Devon Dotson,2020,PG,72.5,185.2,40.5,,10.44,3.02,2.22,8.25,10.0,4.6
201570,Joe Alexander,2008,SF-PF,79.25,220.0,38.5,24.0,11.33,2.99,,,,5.8
12109,D'Or Fischer,2005,C-PF,81.25,242.4,30.5,2.0,12.53,3.5,,,,
1629650,Moses Brown,2019,C,85.25,237.2,31.0,,11.95,3.51,3.3,9.5,10.25,7.8
101160,Lawrence Roberts,2004,PF,79.5,233.0,33.0,18.0,12.52,3.3,,,,9.3
1628379,Luke Kennard,2017,SG-SF,76.5,196.2,,,,,,8.0,8.75,6.6
203088,Kendall Marshall,2012,PG,75.25,198.4,37.0,,12.03,3.23,,8.5,9.0,7.8
12061,Rolan Roberts,2002,PF,77.75,241.0,37.5,16.0,11.36,3.33,,,,
101248,Marlon Parmer,2003,PG,72.75,184.0,32.0,13.0,,3.42,,,,9.3
2639,Britton Johnsen,2003,SF-PF,82.0,212.0,32.5,13.0,10.67,3.08,,,,7.3
1626176,Rakeem Christmas,2015,PF-C,80.25,242.6,32.0,9.0,11.6,3.47,3.3,9.25,9.0,9.6
202726,Andrew Goudelock,2011,PG,73.25,197.6,37.0,4.0,10.33,3.1,,8.25,9.25,9.9
1629645,Kevin Porter Jr.,2019,SG,76.0,212.6,34.0,2.0,10.82,3.14,3.03,8.75,8.75,5.1
2734,Devin Harris,2004,PG,73.75,170.0,37.0,5.0,11.03,3.19,,,,5.3
12166,Martin Rancik,2001,PF-SF,80.75,230.0,37.0,14.0,10.77,3.19,,,,8.0
200751,Randy Foye,2006,SG-PG,74.25,212.0,38.0,14.0,10.53,3.23,,,,10.0
1628989,Kevin Huerter,2018,SG,78.25,194.0,38.0,9.0,10.89,3.09,2.97,8.25,8.5,8.6
12407,LaceDarius Dunn,2011,SG,75.0,187.8,31.0,3.0,11.45,3.27,,9.0,10.25,5.5
12116,Ellis Myles,2005,PF,78.0,255.2,28.5,15.0,12.8,3.42,,,,
200772,Maurice Ager,2006,SG-PG,75.25,203.0,35.0,11.0,11.73,3.22,,,,8.0
2445,Marcus Taylor,2002,PG,73.0,181.0,33.5,4.0,11.25,3.31,,,,
2369,Norman Richardson,2001,SG,75.5,180.0,35.5,2.0,10.97,3.15,,,,6.0
200847,Brandon Bowman,2006,SF,78.75,209.0,34.0,24.0,11.41,3.31,,,,8.4
203111,Orlando Johnson,2012,SG,75.75,223.8,39.5,13.0,10.98,3.25,,9.0,9.5,7.0
12161,DeMarcus Minor,2001,SG,75.25,207.0,41.0,9.0,10.57,3.15,,,,6.7
1628502,Nigel Hayes,2016,SF-PF,78.25,245.0,28.5,,12.11,3.2,2.9,8.5,9.5,10.9
12269,Brian Roberts,2008,PG,72.25,173.0,36.5,10.0,10.65,3.05,,,,3.6
1627786,Troy Williams,2016,SF,77.75,217.8,36.0,,10.72,3.35,3.08,8.25,9.25,10.0
1628452,Kennedy Meeks,2017,C,80.75,276.6,30.5,15.0,12.91,3.5,3.35,8.75,8.75,11.5
2074,Jabari Smith,2000,PF-C,81.75,240.5,30.0,15.0,12.45,3.43,,,,
1629021,Moritz Wagner,2018,C-PF,82.5,241.4,34.0,8.0,11.48,3.18,3.07,9.0,10.75,6.75
12191,Tedric Hill,2006,SF-PF,79.75,236.0,36.5,1.0,12.23,3.24,,,,7.3
101188,Eddie Basden,2005,SG-SF,76.25,210.0,36.5,14.0,10.52,3.21,,,,
2658,Chris Marcus,2003,C,84.0,334.0,,12.0,,,,,,23.1
12004,Michel Morandais,2004,SG-SF,75.75,205.0,33.5,16.0,11.45,3.22,,,,8.6
12179,Rolando Howell,2004,PF,79.5,229.0,34.5,,11.91,3.28,,,,11.7
2212,Steven Hunter,2001,C-PF,82.25,224.0,38.5,11.0,11.99,3.15,,,,5.3
1630198,Isaiah Joe,2020,SG,75.0,170.4,,,,,,8.25,8.25,4.7
201199,DJ Strawberry,2007,SG,75.75,199.0,35.0,21.0,10.87,3.14,,,,4.5
2257,Ruben Boumtje-Boumtje,2001,C,83.5,245.0,31.0,6.0,11.84,3.33,,,,6.0
203902,Semaj Christon,2014,PG,73.5,186.0,36.5,,11.55,3.32,3.21,8.5,8.25,5.25
12082,Jerry Holman,2003,PF,80.75,232.0,37.5,11.0,11.54,3.24,,,,6.0
12295,Souleymane Camara,2003,PF-SF,81.75,211.0,34.5,2.0,11.51,3.2,,,,9.9
101118,Sean May,2005,PF,79.0,258.8,33.0,12.0,11.04,3.29,,,,
203484,Kentavious Caldwell-Pope,2013,SG,76.5,203.6,34.5,7.0,10.6,3.12,3.2,8.5,9.0,6.45
12273,Robert Vaden,2008,SG,75.5,199.0,29.5,10.0,11.97,3.4,,,,6.2
203462,Archie Goodwin,2013,SG,75.75,189.0,36.0,1.0,10.75,3.27,3.41,8.5,9.0,4.55
201162,Jared Dudley,2007,SF,77.0,219.0,32.0,14.0,11.32,3.45,,,,7.1
2761,Jackson Vroman,2004,PF-C,81.25,226.0,33.5,12.0,10.75,3.25,,,,6.7
203946,Cameron Bairstow,2014,PF,80.75,252.4,33.5,,11.39,3.37,3.09,8.75,9.0,8.7
202689,Kemba Walker,2011,PG,71.5,184.0,39.5,7.0,10.87,3.16,,8.0,9.0,5.9
1628365,Markelle Fultz,2017,PG,,,,,,,,,,
200753,Patrick O'Bryant,2006,C,83.0,249.0,30.0,13.0,12.68,3.63,,,,10.0
1629638,Nickeil Alexander-Walker,2019,SG,76.25,203.8,,,,,,8.5,8.75,5.9
2736,Luol Deng,2004,SF,79.0,220.0,31.5,5.0,11.46,3.34,,,,6.7
203503,Tony Snell,2013,SF-SG,78.0,198.2,36.5,7.0,11.36,3.25,2.84,9.0,9.5,4.85
12259,John Riek,2008,C,82.5,237.0,,,,,,,,11.0
1630173,Precious Achiuwa,2020,PF,79.5,234.0,,,,,,9.0,10.0,6.7
2058,Mark Madsen,2000,PF,80.0,236.5,33.5,13.0,12.12,3.46,,,,
1629003,Shake Milton,2018,SG-PG,76.5,207.2,33.0,2.0,11.07,3.25,3.19,8.75,9.5,6.8
12264,Jeremy Pargo,2008,PG,72.5,208.0,37.0,7.0,10.65,3.07,,,,7.6
2745,Kirk Snyder,2004,SG-SF,78.0,228.0,35.0,19.0,10.79,3.13,,,,9.3
1628417,Jaron Blossomgame,2017,SF,77.75,218.6,35.5,16.0,11.47,3.17,3.35,8.75,10.25,5.7
200827,Darius Washington,2006,PG,71.5,195.0,37.5,9.0,10.71,3.26,,,,9.7
203907,Deonte Burton,2014,PG,72.0,192.8,39.5,,11.28,3.28,3.08,8.25,8.0,7.65
12415,Scotty Hopson,2011,SG,77.75,204.6,36.0,10.0,10.47,3.18,,8.5,10.0,4.8
12254,Kyle Hines,2008,SF-PF,75.75,234.0,33.0,16.0,12.17,3.4,,,,3.6
12154,Michael Hicks,2001,SG,76.0,197.0,40.5,13.0,11.38,3.19,,,,7.3
1629628,RJ Barrett,2019,SF,,,,,,,,,,
200754,Mouhamed Sene,2006,C,83.0,237.0,31.0,7.0,12.52,3.38,,,,6.6
203894,Shabazz Napier,2014,PG,71.0,175.2,37.5,,11.6,3.2,3.13,8.25,8.5,7.35
12065,Preston Shumpert,2002,SF,78.0,197.0,29.0,9.0,11.03,3.24,,,,
202345,Damion James,2010,SF,78.25,226.6,33.0,13.0,10.89,3.2,,9.25,8.5,9.6
2205,DeSagana Diop,2001,C,82.0,314.0,25.5,15.0,12.37,3.56,,,,21.0
2386,Kimani Ffriend,2001,C-PF,81.5,228.0,33.0,9.0,11.46,3.09,,,,11.7
1628979,Trevon Duval,2018,PG,73.5,191.0,41.5,6.0,10.93,3.18,3.09,8.75,10.0,5.2
2110,Ron Hale,2000,SG-SF,79.5,202.0,34.5,11.0,12.58,3.2,,,,
200784,Bobby Jones,2006,SF-SG,77.75,211.0,34.5,15.0,11.23,3.28,,,,8.0
202717,Trey Thompkins,2011,PF,80.5,239.0,30.5,15.0,11.72,3.41,,9.25,9.75,15.5
203126,Kris Joseph,2012,SG,78.0,215.0,35.0,6.0,,3.46,,9.0,9.0,8.6
203495,Ricky Ledo,2013,SG,76.75,197.2,33.5,4.0,10.72,3.32,3.16,8.5,9.25,10.25
12059,Uche Okafor,2002,PF-C,81.0,229.0,25.0,10.0,14.45,3.34,,,,
-1,Carl Krauser,2005,PG-SG,71.5,193.4,31.0,8.0,11.62,3.38,,,,
203506,Victor Oladipo,2013,SG,75.25,213.2,42.0,15.0,10.69,3.25,3.14,8.75,9.25,6.55
1628408,PJ Dozier,2017,SG,77.25,200.6,39.0,9.0,10.84,3.15,2.98,8.5,9.5,6.1
2750,Pavel Podkolzin,2003,C,87.5,303.0,22.5,5.0,13.4,3.8,,,,16.3
12171,Tory Walker,2001,SF,78.75,187.0,33.0,7.0,11.95,3.25,,,,6.7
203099,Jared Cunningham,2012,SG-PG,75.5,187.6,,4.0,,,,8.25,9.0,3.6
203475,Erick Green,2013,PG,73.5,178.2,,5.0,,,,8.5,9.0,4.35
1628998,Cody Martin,2018,SG-SF,76.75,188.6,36.5,4.0,10.64,3.09,3.05,8.5,9.0,5.45
1628515,Isaiah Briscoe,2017,PG,73.25,222.4,33.5,11.0,10.95,3.38,2.85,9.0,9.25,11.0
2207,Joe Johnson,2001,SF-SG,78.75,226.0,36.5,12.0,12.05,3.4,,,,6.7
200819,Kevin Pittsnogle,2005,PF,81.25,259.2,,,,,,,,
1627765,Elgin Cook,2016,SF,77.0,209.8,,,,,,8.5,10.25,6.35
12115,Juan Mendez,2005,PF-SF,77.25,231.4,33.0,14.0,11.7,3.24,,,,
12329,Jerome Jordan,2010,C,83.5,244.2,,,,,,9.0,10.25,6.9
12107,Taylor Coppenrath,2005,PF-SF,79.75,252.4,27.0,5.0,11.51,3.44,,,,
202337,Luke Babbitt,2010,SF-PF,79.5,217.8,37.5,15.0,10.98,3.4,,8.5,10.0,5.6
12257,Davon Jefferson,2008,SF,77.25,213.0,32.0,2.0,12.02,3.36,,,,12.0
12126,Nik Caner-Medley,2006,SF,78.5,234.0,35.5,17.0,10.57,3.21,,,,9.6
12051,Kris Lang,2002,C-PF,81.25,242.0,29.0,19.0,11.36,3.24,,,,
1629605,Tacko Fall,2019,C,89.25,288.8,26.5,8.0,13.01,3.78,3.46,10.5,10.5,6.8
12263,Drew Neitzel,2008,PG,71.75,175.5,32.0,10.0,11.19,3.2,,,,6.2
203944,Julius Randle,2014,PF,79.75,249.7,35.5,,11.45,3.27,3.14,8.75,8.25,9.4
201980,Danny Green,2009,SG-SF,77.25,208.0,33.0,15.0,11.3,3.3,,,,5.6
1626189,Terran Petteway,2015,SG,76.75,209.2,31.0,15.0,10.91,3.32,3.1,8.25,8.25,4.9
12040,Brent Wright,2001,PF-SF,79.75,236.0,29.0,19.0,12.25,3.3,,,,12.4
203080,Thomas Robinson,2012,PF,79.75,244.2,35.5,15.0,11.96,3.17,,9.75,10.5,5.0
12020,Lamont Barnes,2000,PF-C,80.5,235.5,29.5,10.0,12.3,3.4,,,,
12067,Rod Grizzard,2002,SF-SG,78.0,193.0,,6.0,,,,,,
1629019,Allonzo Trier,2018,SG,75.75,198.0,40.0,11.0,11.02,3.14,2.97,8.25,10.5,4.95
1626205,Vince Hunter,2015,PF,78.75,208.4,37.5,13.0,11.19,3.26,3.06,9.0,8.75,4.6
1629014,Anfernee Simons,2018,SG-PG,74.25,183.2,41.5,1.0,11.27,3.1,3.16,8.75,9.0,7.7
1629033,Theo Pinson,2018,SG-SF,77.0,211.2,34.0,7.0,11.53,3.22,3.11,9.0,9.0,7.35
201189,Aaron Gray,2007,C,84.0,271.0,32.5,17.0,12.07,3.7,,,,10.8
201181,Chris Richard,2007,PF,79.0,252.0,30.5,15.0,11.39,3.29,,,,7.5
203098,John Jenkins,2012,SG,75.25,212.0,36.5,10.0,11.36,3.37,,9.0,9.0,7.1
203107,Tomas Satoransky,2012,PG-SG,78.5,200.6,,,,,,8.5,9.5,5.2
1628389,Edrice Adebayo,2017,PF-C,80.75,242.6,38.5,12.0,11.94,3.24,3.24,9.5,8.75,5.2
203103,Perry Jones,2012,PF-SF,82.25,233.8,38.5,11.0,11.31,3.19,,9.25,9.5,4.6
1626154,R.J. Hunter,2015,SG,76.5,185.0,33.5,1.0,10.87,3.26,2.91,8.5,8.25,6.0
1626179,Terry Rozier,2015,PG-SG,72.5,190.2,38.0,7.0,10.84,3.15,2.84,8.25,8.5,5.6
12338,Ryan Richards,2010,PF,82.5,230.2,28.5,4.0,11.33,3.37,,9.0,9.75,8.0
2230,Maurice Evans,2001,SG,76.25,221.0,37.5,22.0,10.08,3.12,,,,4.0
1628987,Kevin Hervey,2018,PF,78.5,211.6,32.0,4.0,11.28,3.36,3.15,9.25,10.25,5.15
1629008,Michael Porter,2018,SF-PF,81.5,211.0,,,,,,8.75,9.25,6.4
1628400,Semi Ojeleye,2017,SF-SG,77.25,241.4,40.5,19.0,10.58,3.16,3.07,8.75,9.5,5.5
1629646,Charles Bassey,2019,C,80.75,239.0,33.0,7.0,12.65,3.53,3.27,9.25,9.5,8.5
200995,Aloysius Anagonye,2003,PF,78.75,257.0,34.5,6.0,12.93,3.3,,,,10.5
202374,Solomon Alabi,2010,C,83.5,237.4,26.0,10.0,13.2,3.68,,9.25,9.25,5.0
203905,Aaron Craft,2014,PG,72.75,191.6,32.0,,10.78,3.26,2.9,7.75,8.5,6.1
203469,Cody Zeller,2013,C-PF,82.75,230.0,37.5,17.0,10.82,3.15,2.69,8.5,10.5,4.75
12282,Jack McClinton,2009,SG-PG,71.75,185.2,36.5,13.0,10.44,3.21,,,,6.2
202691,Klay Thompson,2011,SG,77.75,205.6,31.5,5.0,10.99,3.24,,8.75,9.25,8.0
1630235,Trent Forrest,2020,PG,75.5,203.0,34.5,,11.04,3.18,2.5,9.0,9.75,5.65
12038,Robb Dryden,2001,C,85.0,241.0,30.0,8.0,12.47,3.46,,,,8.0
1628986,Jaylen Hands,2018,PG,73.5,179.0,39.5,6.0,12.11,3.13,3.16,8.0,8.0,5.0
2078,Jason Hart,2000,PG,73.75,181.0,33.5,9.0,11.7,3.34,,,,
1627756,Denzel Valentine,2016,SG-SF,76.0,210.4,32.0,,10.51,3.46,3.22,8.5,9.75,9.2
201142,Kevin Durant,2007,SF-PF,81.0,215.0,33.5,0.0,12.33,3.45,,,,6.6
1628393,Jawun Evans,2017,PG,70.75,185.2,33.5,1.0,11.34,3.21,3.26,8.0,7.75,9.1
2447,Tamar Slay,2002,SF,78.75,203.0,38.0,11.0,10.94,3.09,,,,
201936,Tyreke Evans,2009,PG-SG,76.0,220.6,34.0,7.0,11.81,3.17,,,,7.1
200812,Daniel Horton,2006,PG-SG,72.5,198.0,36.5,17.0,10.35,3.16,,,,8.0
202682,Derrick Williams,2011,PF-SF,79.25,248.4,34.5,19.0,11.03,3.23,,9.0,9.75,10.8
203112,Quincy Acy,2012,PF,78.5,223.8,37.0,13.0,10.48,3.28,,9.5,11.0,7.1
12138,Johnny Hemsley,2000,SG-SF,74.75,200.0,35.0,5.0,11.5,3.19,,,,
201159,Javaris Crittenton,2007,PG,75.0,194.0,38.0,11.0,11.6,3.32,,,,4.5
12143,Kenyon Jones,2000,PF-C,81.0,282.0,30.0,20.0,12.44,3.6,,,,
1630211,Karim Mane,2020,PG-SG,77.0,196.0,36.0,,11.52,3.04,2.64,8.5,9.75,3.73
101107,Marvin Williams,2005,PF-SF,79.0,228.2,35.0,12.0,11.11,3.17,,,,
12278,Josh Heytvelt,2009,PF-C,82.0,246.2,34.0,15.0,11.67,3.38,,,,10.8
202688,Brandon Knight,2011,PG,73.5,176.8,37.5,10.0,10.74,3.07,,8.25,9.5,4.2
202327,Ekpe Udoh,2010,PF,80.75,237.4,33.5,10.0,11.15,3.29,,9.5,8.75,8.0
2121,Terrance Roberson,2000,SF,77.5,209.0,32.5,11.0,11.66,,,,,
12216,James Hughes,2007,C,81.0,209.0,33.0,8.0,13.31,3.37,,,,3.5
203492,Ray McCallum,2013,PG,72.25,191.4,40.0,5.0,10.82,3.25,3.08,8.0,8.75,7.3
201141,Greg Oden,2007,C,83.0,257.0,34.0,,11.67,3.27,,,,7.8
201176,Jermareo Davidson,2007,PF,81.0,230.0,30.0,7.0,12.63,3.53,,,,6.9
1626151,Aaron Harrison,2015,SG,76.5,209.2,34.5,1.0,,3.27,,8.75,10.0,6.0
12442,Gregory Smith,2011,PF-C,80.0,252.8,36.0,17.0,12.43,3.36,,9.75,12.0,7.4
201165,Morris Almond,2006,SG-SF,76.75,214.0,35.5,13.0,11.45,3.19,,,,6.9
2732,Ben Gordon,2004,PG-SG,73.0,192.0,37.5,12.0,11.28,3.19,,,,5.3
12072,Rick Anderson,2003,SF-PF,80.25,216.0,30.5,6.0,11.23,3.4,,,,9.9
1629627,Zion Williamson,2019,PF,,,,,,,,,,
12268,Charles Rhodes,2008,PF,79.25,244.0,33.5,14.0,11.51,3.13,,,,10.7
1627762,Joel Bolomboy,2016,PF,79.5,224.4,40.5,,10.26,3.17,2.86,9.0,10.25,5.15
1627754,Diamond Stone,2016,C,81.0,254.4,29.5,,12.02,3.5,3.22,8.5,7.75,12.85
12227,Dustin Salisbery,2007,SG,75.0,208.0,38.0,11.0,11.07,3.12,,,,6.6
2417,Qyntel Woods,2002,SF-SG,79.0,213.0,34.5,2.0,11.94,3.23,,,,
201607,Patrick Ewing Jr.,2008,SF-PF,78.0,224.0,42.0,2.0,11.77,3.43,,,,9.4
12030,Jameel Watkins,2000,PF-C,81.5,244.5,30.5,11.0,12.38,3.45,,,,
1629654,Carsen Edwards,2019,PG,70.75,199.4,34.0,14.0,10.53,3.22,2.82,8.75,9.0,5.5
1629667,Jalen McDaniels,2019,SF,80.25,191.6,33.5,0.0,11.54,3.32,3.23,9.0,10.0,5.7
2605,Marquis Daniels,2003,SG-PG,77.25,198.0,35.0,6.0,11.62,3.25,,,,4.0
2199,Tyson Chandler,2001,SF-PF,83.5,224.0,33.5,2.0,12.13,3.36,,,,6.7
1626181,Norman Powell,2015,SG,75.0,215.4,40.5,5.0,10.69,3.2,3.2,9.25,9.0,6.4
12266,Quan Prowell,2008,SF-PF,78.75,225.5,36.0,16.0,11.79,3.14,,,,6.5
1627782,Wayne Selden,2016,SG,76.25,232.4,,,,,,9.0,9.25,7.3
1628422,Damyean Dotson,2017,SG-SF,76.5,205.2,38.0,13.0,11.18,3.13,3.03,8.5,9.25,5.3
201944,Terrence Williams,2009,SG-SF,77.0,213.2,37.0,9.0,11.15,3.18,,,,5.1
201571,D.J. Augustin,2008,PG,70.0,171.5,35.0,2.0,11.27,3.07,,,,8.1
2798,Horace Jenkins,2001,PG,71.75,171.0,41.0,2.0,10.97,3.1,,,,6.0
12343,Mikhail Torrance,2010,PG,76.0,208.8,32.0,8.0,11.43,3.17,,8.75,9.5,7.0
200776,Mardy Collins,2006,PG-SG,76.25,224.0,37.5,9.0,12.0,3.27,,,,10.0
202701,Nolan Smith,2011,PG,73.5,187.6,34.0,9.0,11.05,3.17,,8.5,9.25,5.6
203078,Bradley Beal,2012,SG,75.25,201.8,39.0,8.0,10.95,3.28,,8.5,9.0,6.0
2049,Speedy Claxton,2000,PG,70.5,166.0,42.5,6.0,10.48,3.06,,,,
202718,Chandler Parsons,2011,SF,80.75,221.2,31.5,4.0,11.05,3.29,,8.25,10.0,7.0
201446,Mike Taylor,2008,SG-PG,72.75,166.2,39.0,2.0,10.98,3.08,,,,3.8
201164,Rudy Fernandez,2005,SG,76.75,172.0,35.5,0.0,10.48,3.33,,,,
12185,Torin Francis,2006,PF-C,81.0,247.0,32.0,9.0,11.97,3.51,,,,12.4
201781,Russell Robinson,2008,PG,72.5,196.0,31.5,8.0,11.3,3.15,,,,7.4
12244,Pat Calathes,2008,SF-PF,80.75,204.0,,7.0,,,,,,7.3
202323,Evan Turner,2010,SG,77.75,213.8,34.5,9.0,11.06,3.27,,8.75,9.5,8.6
12098,Ron Slay,2003,SF-PF,78.0,236.0,31.5,10.0,12.01,3.43,,,,16.3
12140,Shaheen Holloway,2000,PG,69.5,174.0,,6.0,11.22,3.32,,,,
101123,Gerald Green,2005,SF,78.0,192.0,39.0,7.0,11.2,3.21,,,,
2450,Randy Holcomb,2002,SF-PF,79.0,225.0,35.5,15.0,12.85,3.22,,,,
203908,DeAndre Daniels,2014,SF,79.25,196.0,32.0,,11.46,3.44,3.04,9.25,10.5,3.85
12021,Aubrey Reese,2000,PG,70.75,189.0,37.5,14.0,11.13,3.25,,,,
1626146,Cliff Alexander,2015,PF-C,79.25,239.2,,,,,,9.5,10.25,5.8
203893,Russ Smith,2014,PG,71.5,160.0,34.0,,11.57,3.27,3.01,8.25,8.5,3.5
1627740,Henry Ellenson,2016,PF,82.0,242.0,,,,,,8.5,9.75,11.2
202738,Isaiah Thomas,2011,PG,68.75,186.0,40.0,13.0,10.49,3.14,,8.25,9.0,6.7
1629626,Bol Bol,2019,C,84.75,208.0,,,,,,9.25,9.5,7.1
1626194,Marcus Thornton,2015,PG-SG,73.75,177.4,43.0,3.0,10.78,3.02,2.88,8.25,8.5,5.3
2547,Chris Bosh,2003,PF,82.25,225.0,33.0,9.0,11.8,3.3,,,,8.0
12033,Adam Allenspach,2001,C,83.5,259.0,31.0,16.0,11.9,3.4,,,,12.4
203104,Marquis Teague,2012,PG,73.0,179.8,40.5,8.0,10.65,3.19,,8.25,7.75,6.3
203490,Otto Porter,2013,SF,79.5,197.6,36.0,9.0,11.25,3.4,3.06,8.75,9.25,6.65
202714,Shelvin Mack,2011,PG,73.0,209.0,39.0,17.0,11.23,3.18,,8.25,9.25,7.1
1629672,Eric Paschall,2019,SF,78.0,254.4,38.0,18.0,11.63,3.3,3.26,9.0,9.5,6.3
1629035,Carsen Edwards,2018,PG,70.75,195.6,34.5,12.0,11.59,3.2,3.15,8.5,9.25,6.3
12261,Maarty Leunen,2008,SF,79.25,222.0,34.5,14.0,11.57,3.36,,,,8.9
12172,Souleymane Wane,2001,C,80.5,235.0,30.5,9.0,12.02,3.46,,,,11.2
12346,Jarvis Varnado,2010,PF-C,80.25,210.2,32.5,3.0,11.61,3.37,,9.25,9.5,9.5
203458,Alex Len,2013,C,,,,,,,,9.0,10.75,6.4
2294,Charlie Bell,2001,PG,74.5,200.0,38.0,15.0,10.59,3.12,,,,6.7
1628996,Sagaba Konate,2018,C,78.5,246.0,35.0,12.0,12.28,3.28,3.36,9.25,10.0,7.35
2415,Ryan Humphrey,2002,PF-SF,78.0,223.0,37.5,13.0,11.75,3.2,,,,
203910,Nick Johnson,2014,SG,73.5,198.0,41.5,,10.8,3.27,2.95,8.75,9.75,6.05
203084,Harrison Barnes,2012,SF-SG,79.0,227.8,39.5,15.0,10.93,3.16,,9.0,8.5,9.6
203109,Jae Crowder,2012,SF,76.75,241.2,34.5,20.0,11.45,3.37,,9.5,10.5,9.0
201569,Eric Gordon,2008,SG,74.0,222.0,40.0,15.0,10.81,3.01,,,,8.2
1628978,Donte DiVincenzo,2018,SG,75.5,200.6,42.0,12.0,10.72,3.11,3.12,8.25,9.0,5.0
12199,Frans Steyn,2006,C,85.25,280.0,29.5,,11.67,3.38,,,,12.8
12032,Ryan Carroll,2001,SF-SG,76.0,202.0,39.0,14.0,11.0,3.1,,,,8.0
1629663,Louis King,2019,SF,78.75,195.2,33.0,0.0,10.99,3.28,3.05,8.0,8.5,4.8
202348,Jordan Crawford,2010,SG,75.0,198.4,34.5,7.0,11.03,3.37,,8.0,9.0,4.9
203917,Nik Stauskas,2014,SG,77.25,206.9,35.5,,10.79,3.27,2.92,8.5,8.5,12.05
1629673,Jordan Poole,2019,SG,75.5,190.8,35.5,,10.59,3.27,3.14,8.25,8.5,7.5
203101,Miles Plumlee,2012,PF-C,82.5,252.4,40.5,15.0,10.64,3.36,,9.25,9.0,11.4
201193,Demetris Nichols,2007,SF,78.0,211.0,32.5,16.0,10.39,3.38,,,,6.2
203798,P.J. Hairston,2014,SG,76.25,228.8,37.0,,11.12,3.32,,8.75,9.75,8.2
200794,Paul Millsap,2006,PF,78.25,258.0,32.5,15.0,11.67,3.3,,,,9.7
1629012,Collin Sexton,2018,PG,72.5,183.0,,,,,,8.25,8.5,5.6
2109,Eddie Gill,2000,PG,71.75,176.0,38.5,13.0,11.12,3.18,,,,
2452,J.R. Bremer,2002,SG-PG,73.25,188.0,35.5,24.0,10.93,3.1,,,,
1628449,Chris Boucher,2017,PF,80.0,182.2,,,,,,9.25,10.5,5.4
1626155,Sam Dekker,2015,SF,79.75,218.6,34.5,5.0,10.64,3.28,2.96,8.5,9.25,7.5
1629664,Dedric Lawson,2019,PF,79.0,233.0,26.0,10.0,11.8,3.6,3.54,9.75,9.75,8.9
1626177,Dakari Johnson,2015,C,83.0,264.6,25.0,4.0,11.76,3.62,2.94,9.25,10.5,14.9
12296,Marko Tomas,2004,SG-PG,78.5,198.0,31.5,,11.8,3.23,,,,9.3
101112,Channing Frye,2005,PF-C,81.5,243.6,31.0,19.0,11.6,3.38,,,,
1627741,Buddy Hield,2016,SG,75.75,212.4,,,,,,8.5,9.0,6.1
202371,Gani Lawal,2010,PF,79.5,233.4,31.5,20.0,11.61,3.24,,8.5,10.0,6.3
202702,Kenneth Faried,2011,PF,78.0,224.6,35.0,16.0,11.35,3.26,,8.5,10.25,6.3
1628385,Harry Giles,2017,PF,81.25,232.0,32.5,5.0,11.08,3.34,3.0,9.5,10.75,5.2
12200,Joah Tucker,2006,SF-SG,75.75,224.0,34.0,19.0,11.58,3.31,,,,7.0
202332,Cole Aldrich,2010,C,81.0,236.0,28.0,10.0,11.48,3.35,,9.0,9.25,8.5
12095,Stephane Pelle,2003,PF-SF,79.0,246.0,33.0,17.0,11.37,3.27,,,,12.4
203091,Royce White,2012,PF,79.0,260.6,,,,,,9.5,11.5,10.6
-1,Chris Massie,2002,PF,78.25,248.0,,,,,,,,
12077,Ebi Ere,2003,SG,75.5,210.0,33.5,,11.38,3.16,,,,14.1
201207,Coby Karl,2007,SG-PG,75.0,204.0,34.5,9.0,11.57,3.41,,,,5.4
12046,Andy Ellis,2002,PF,81.25,220.0,35.5,6.0,11.69,3.34,,,,
2778,Sergei Lishouk,2004,PF-SF,82.25,244.0,,,,,,,,10.5
202365,Devin Ebanks,2010,SF,79.0,207.8,32.0,6.0,11.69,3.44,,8.25,9.0,7.9
202376,Luke Harangody,2010,PF,78.0,240.2,28.5,23.0,11.83,3.41,,8.75,9.75,11.1
12220,Rashad Jones-Jennings,2007,PF,78.0,235.0,30.0,20.0,12.18,3.29,,,,5.9
202395,Sherron Collins,2010,PG,70.25,217.2,33.0,,12.31,3.24,,8.5,9.5,9.2
203130,Darius Johnson-Odom,2012,SG,73.5,212.0,41.5,17.0,10.76,3.21,,8.75,8.75,7.0
1629159,Marcus Lee,2016,PF-C,81.0,211.0,35.5,,11.68,3.25,3.19,9.0,9.0,5.35
2594,Kyle Korver,2003,SF,78.25,211.0,31.5,13.0,11.42,3.47,,,,6.7
201595,Joey Dorsey,2008,PF-C,78.25,265.0,33.0,19.0,11.84,3.2,,,,9.0
203912,C.J. Wilcox,2014,SG,75.5,201.0,37.5,,11.3,3.22,2.92,8.75,9.0,6.5
203923,James Young,2014,SG,77.25,213.3,35.5,,,,,9.0,9.5,5.1
1628388,TJ Leaf,2017,PF,80.75,222.2,34.5,6.0,11.55,3.27,3.27,8.5,9.5,6.8
12341,Jon Scheyer,2010,PG-SG,76.75,180.0,,,,,,7.75,9.5,5.4
2056,Primoz Brezec,2000,C,84.75,243.0,29.5,,11.53,3.55,,,,
1627735,Wade Baldwin IV,2016,PG,74.5,201.8,38.0,,10.45,3.19,3.01,9.0,9.75,5.2
203552,Seth Curry,2013,SG,73.0,179.2,,,,,,8.0,8.25,9.6
1629681,Killian Tillie,2019,,,,,,,,,,,
1628420,Monte Morris,2017,PG,73.25,175.2,33.5,8.0,11.0,3.19,3.2,8.25,8.75,6.9
1626187,Michael Frazier II,2015,SG,75.75,199.4,35.0,10.0,10.66,3.32,3.02,8.25,9.25,7.4
12150,Benjamin Eze,2001,C-PF,80.75,232.0,32.0,14.0,13.05,3.36,,,,3.9
201565,Derrick Rose,2008,PG,73.5,196.0,40.0,10.0,11.69,3.05,,,,4.6
202360,Andy Rautins,2010,SG,76.25,191.6,30.5,8.0,11.27,3.49,,8.0,9.75,6.2
202699,Tobias Harris,2011,SF-PF,78.5,222.8,37.5,12.0,10.96,3.17,,8.75,9.0,8.4
202727,Travis Leslie,2011,SG,75.0,205.0,40.5,10.0,11.0,3.13,,8.75,9.25,8.1
1626147,Justin Anderson,2015,SF-SG,77.25,230.6,43.0,12.0,11.13,3.22,2.88,8.5,9.5,5.0
12110,Eddy Fobbs,2005,C-PF,82.25,235.2,34.0,12.0,11.53,3.28,,,,
2240,Gilbert Arenas,2001,SG,74.25,199.0,36.0,12.0,,3.25,,,,5.3
1629658,Jalen Hoard,2019,PF,79.25,212.6,35.5,8.0,11.44,3.34,3.32,8.75,9.75,6.7
2781,Romain Sato,2004,SG,74.0,204.0,35.5,8.0,11.27,3.18,,,,6.0
2747,J.R. Smith,2004,SG-SF,77.5,227.0,35.5,5.0,10.93,3.21,,,,6.7
1626210,Alan Williams,2015,PF,79.25,261.4,28.5,8.0,12.26,3.5,3.54,8.5,9.5,12.0
1627766,Isaiah Cousins,2016,PG,75.25,194.0,37.0,,10.79,3.24,2.97,8.25,8.75,4.8
201606,Sean Singletary,2008,PG,71.0,183.8,,18.0,,,,,,4.2
2082,Dan McClintock,2000,C-PF,83.0,250.0,35.0,20.0,11.52,3.33,,,,
12113,Mindaugas Katelynas,2005,SF-PF,79.5,217.0,35.0,7.0,11.6,3.38,,,,
1629641,Romeo Langford,2019,SG,76.5,,,,,,,9.0,9.0,
201383,Dwayne Mitchell,2006,SG-SF,74.0,208.0,41.5,17.0,11.45,3.16,,,,4.5
12158,Darren Kelly,2001,SG-PG,74.0,178.0,34.5,1.0,11.38,3.21,,,,6.7
203934,Lamar Patterson,2014,SG,76.0,226.0,32.5,,11.63,3.45,3.13,9.0,9.25,10.75
12181,Ivan Koljevic,2004,PG,73.0,172.0,28.5,4.0,11.07,3.28,,,,6.7
1629659,Talen Horton-Tucker,2019,SG,74.5,235.4,34.5,10.0,11.34,3.34,3.43,9.5,9.75,8.4
1628402,Frank Jackson,2017,PG,74.0,201.6,42.0,9.0,10.94,3.14,2.7,8.25,9.0,6.7
1629023,PJ Washington,2018,PF,78.5,223.0,34.0,3.0,11.39,3.2,3.43,9.0,10.25,6.85
12193,Marco Killingsworth,2006,PF,77.5,266.0,32.0,13.0,11.42,3.34,,,,19.0
1626167,Myles Turner,2015,C-PF,81.75,238.6,,,,,,9.25,9.25,9.3
1629007,Jontay Porter,2019,PF,81.75,210.4,,,,,,8.75,9.5,8.5
1627785,Isaiah Whitehead,2016,PG-SG,75.25,210.0,35.5,,11.65,3.34,3.21,8.5,8.75,9.25
202732,DeAndre Liggins,2011,SF-SG,77.0,202.2,31.0,6.0,,3.33,,8.75,10.0,5.0
2061,Dan Langhi,2000,SF,81.0,197.5,34.5,12.0,10.85,3.24,,,,
2408,Melvin Ely,2002,PF,81.0,240.0,29.0,7.0,11.96,3.35,,,,
101121,Joey Graham,2005,SF,77.25,216.6,36.0,26.0,10.62,3.05,,,,
203950,Jarnell Stokes,2014,PF,79.0,262.8,36.0,,11.92,3.26,3.2,9.75,10.5,8.2
2065,Mike Smith,2000,SF,78.5,198.0,21.0,12.0,11.32,3.22,,,,
1629643,Chuma Okeke,2019,,,,,,,,,,,
2219,Jeryl Sasser,2001,PG-SG,77.5,194.0,34.0,1.0,11.47,3.22,,,,6.7
12054,Kei Madison,2002,SF,79.75,216.0,34.5,6.0,11.74,3.22,,,,
202710,Jimmy Butler,2011,SF,78.0,222.2,39.0,14.0,11.12,3.15,,9.0,9.0,5.4
1629679,Simisola Shittu,2019,PF,80.5,227.2,35.5,11.0,11.85,3.3,3.24,8.75,8.5,6.2
202359,Darington Hobson,2010,SG-SF,77.25,203.6,34.0,,11.68,3.25,,8.25,9.0,6.2
203913,Jabari Brown,2014,SG,75.0,201.9,32.0,,11.6,3.5,3.26,9.0,9.25,6.05
2617,Udonis Haslem,2002,PF,79.75,250.0,33.5,22.0,11.8,3.31,,,,
1628439,Isaiah Hicks,2017,PF,79.25,233.4,37.0,11.0,12.31,3.36,3.31,8.75,9.75,7.7
12219,Dominic James,2007,PG,70.0,175.0,38.5,14.0,10.94,3.11,,,,4.8
12232,Reyshawn Terry,2007,SF,78.75,222.0,37.5,18.0,11.76,3.26,,,,8.9
1629652,Luguentz Dort,2019,PG,74.75,222.2,38.0,14.0,10.79,3.22,3.13,8.5,9.0,5.0
12436,Jereme Richmond,2011,SF,78.0,207.2,33.5,0.0,11.74,3.02,,8.75,9.5,5.5
203947,Jordan Bachynski,2014,PF,85.25,254.1,33.0,,12.15,3.36,3.03,9.25,10.0,7.45
101120,Antoine Wright,2005,SF-SG,77.25,202.6,29.5,12.0,11.45,3.41,,,,
201019,Gerry McNamara,2006,PG-SG,71.75,177.0,32.0,3.0,11.28,3.4,,,,12.8
12009,Kelvin Pena,2004,SG-PG,74.25,182.0,32.5,1.0,11.5,3.24,,,,8.6
12196,Danilo Pinnock,2006,PG-SG,74.75,204.0,35.5,7.0,11.91,3.08,,,,4.6
2206,Rodney White,2001,SF,79.5,243.0,33.0,16.0,12.07,3.47,,,,9.3
203928,Cory Jefferson,2014,PF,79.75,218.4,37.5,,12.63,3.36,3.39,8.75,9.75,5.25
1629000,Brandon McCoy,2018,C,83.5,250.4,32.0,9.0,11.77,3.23,3.31,9.75,9.5,8.7
12047,Peter Fehse,2002,PF-C,82.0,220.0,,,,,,,,
1629681,Killian Tillie,2020,PF,80.75,221.6,32.0,,11.6,3.4,2.62,8.25,9.25,12.43
202124,Curtis Withers,2006,PF-SF,78.0,227.0,36.5,14.0,11.54,3.1,,,,5.0
1626168,Trey Lyles,2015,PF,81.0,241.2,,,,,,9.25,10.25,12.1
12182,Herve Lamizana,2004,SF-PF,79.5,210.0,,,,,,,,6.7
2253,Sean Lampley,2001,SF,77.5,213.0,40.0,12.0,11.06,3.12,,,,8.0
201967,Dante Cunningham,2009,PF,79.0,227.4,35.0,18.0,11.18,3.26,,,,4.8
1626162,Kelly Oubre,2015,SF-SG,77.75,202.8,37.0,7.0,11.09,3.32,3.12,9.0,8.75,5.7
2753,Delonte West,2004,PG-SG,73.5,183.0,35.0,12.0,11.2,3.15,,,,6.7
200788,James Augustine,2006,PF,80.25,227.0,32.5,13.0,10.54,3.25,,,,5.5
202328,Greg Monroe,2010,PF-C,81.75,246.6,29.0,15.0,12.1,3.35,,8.75,9.5,11.2
202705,Marshon Brooks,2011,SG,76.25,194.6,38.5,5.0,10.74,3.09,,9.0,10.5,5.2
-1,Jason Gardner,2001,PG,69.75,188.0,40.0,9.0,10.88,2.92,,,,8.0
2574,Jason Kapono,2003,SG-SF,78.5,215.0,30.0,8.0,11.04,3.38,,,,11.7
2501,Reggie Evans,2002,PF,79.5,250.0,29.5,15.0,12.73,3.26,,,,
201960,DeMarre Carroll,2009,PF-SF,78.25,207.2,,,,,,,,6.3
1626186,Corey Hawkins,2015,SG-PG,72.75,191.8,34.0,9.0,10.81,3.51,,8.75,9.0,5.5
2679,Matt Carroll,2003,SG-SF,77.0,207.0,33.5,13.0,11.11,3.35,,,,6.7
201149,Joakim Noah,2007,PF,82.0,223.0,37.5,12.0,11.79,3.47,,,,4.8
203156,Henry Sims,2012,C-PF,82.0,241.2,29.5,7.0,12.33,3.44,,9.25,10.0,7.7
12215,Quinton Hosley,2007,SF-SG,77.0,215.0,34.0,12.0,12.47,3.32,,,,5.7
201590,Donte Greene,2008,SF-PF,80.25,221.0,31.5,2.0,11.21,3.2,,,,7.6
12034,Cookie Belcher,2001,SG-PG,75.0,206.0,41.5,7.0,11.26,2.91,,,,5.3
201150,Spencer Hawes,2007,PF,82.0,244.0,29.0,9.0,11.88,3.51,,,,13.0
2739,Luke Jackson,2004,SF-SG,78.0,212.0,36.0,13.0,11.1,3.24,,,,8.0
202325,Wesley Johnson,2010,SF,78.25,206.4,37.0,16.0,11.43,3.14,,9.0,9.5,4.6
2409,Marcus Haislip,2002,PF,80.5,221.0,36.5,8.0,11.35,3.21,,,,
1628411,Wesley Iwundu,2017,SG-SF,77.5,193.4,36.0,5.0,11.25,3.36,3.23,8.75,9.5,4.0
203463,Ben McLemore,2013,SG,75.5,189.2,42.0,6.0,11.87,3.27,3.11,8.75,9.5,5.0
12137,A.J. Granger,2000,SF,79.5,227.0,34.0,20.0,10.73,3.25,,,,
12089,Donald Little,2003,PF-C,81.5,229.0,37.0,18.0,11.18,3.2,,,,7.3
201946,Tyler Hansbrough,2009,PF,80.25,234.2,34.0,18.0,11.12,3.27,,,,8.5
12214,Brandon Heath,2007,PG,74.0,181.0,36.0,11.0,11.39,3.28,,,,9.0
12074,Joel Cornette,2003,PF-SF,80.25,239.0,32.5,13.0,11.27,3.14,,,,12.9
201469,Russell Carter,2007,SG,75.0,221.0,38.5,25.0,11.61,3.29,,,,6.0
203483,Kenny Kadji,2013,PF-C,80.75,241.6,38.0,9.0,11.47,3.44,2.88,9.0,10.25,7.45
202693,Markieff Morris,2011,PF,79.75,240.8,31.5,11.0,,3.4,,8.5,8.25,10.2
2857,Andre Barrett,2004,PG,68.75,171.0,34.5,13.0,10.63,3.08,,,,6.7
12164,Rashad Phillips,2001,PG,69.0,166.0,32.0,5.0,11.93,3.27,,,,12.4
1627777,Georges Niang,2016,PF,78.75,230.8,31.0,,11.64,3.49,3.17,9.25,9.25,10.05
12209,Justin Doellman,2007,PF,80.0,205.0,,19.0,,,,,,7.0
12250,Shan Foster,2008,SG,76.0,194.5,33.0,10.0,12.3,3.24,,,,6.3
201957,Byron Mullens,2009,C,83.75,258.2,32.5,10.0,11.1,3.45,,,,8.5
1628404,Josh Hart,2016,SG,76.0,203.6,38.5,,11.15,3.2,3.15,8.5,9.25,5.75
1628502,Nigel Hayes,2017,PF,78.25,254.2,33.5,16.0,11.81,3.27,2.94,8.75,10.0,11.5
1629669,Jaylen Nowell,2019,SG,75.25,202.4,38.5,2.0,10.76,3.23,3.13,8.25,8.5,6.1
200766,Marcus Williams,2006,PG,74.0,215.0,28.0,4.0,11.3,3.4,,,,12.4
2087,Pete Mickeal,2000,SG-SF,77.0,222.0,34.5,8.0,10.83,3.06,,,,
201576,Anthony Randolph,2008,PF-SF,81.0,197.0,35.0,7.0,11.86,3.26,,,,4.7
1628397,Ivan Rabb,2017,PF,80.75,219.6,32.5,3.0,12.68,3.35,3.23,8.75,9.0,6.8
202412,Manny Harris,2010,SG,76.0,185.1,,11.0,,,,8.5,9.0,3.8
203501,Tim Hardaway Jr.,2013,SG,76.5,199.4,37.5,16.0,10.68,3.25,2.93,8.0,9.25,6.05
200809,Chris Quinn,2006,PG-SG,72.5,175.0,37.0,7.0,11.25,3.25,,,,5.9
12124,J.P. Batista,2006,PF,79.5,265.0,30.5,26.0,11.62,3.38,,,,12.0
203561,Brandon Davies,2013,PF,80.5,241.8,31.5,7.0,11.22,3.5,3.14,9.0,11.0,8.6
12097,Joe Shipp,2003,SG,76.0,224.0,34.5,17.0,11.75,3.2,,,,11.7
1627779,Marcus Paige,2016,PG,72.5,163.8,39.5,,10.82,3.15,2.69,7.75,8.75,4.3
201318,Jason Klotz,2005,C-PF,80.5,249.4,27.0,12.0,13.13,3.68,,,,
2204,Eddie Griffin,2001,PF-SF,81.25,222.0,33.0,3.0,11.77,3.21,,,,4.0
1627784,Jarrod Uthoff,2016,PF,80.5,214.4,34.5,,11.52,3.5,3.03,8.75,9.0,6.0
1629010,Jerome Robinson,2018,SG,76.0,188.4,,,,,,9.0,10.0,6.05
12146,Ndongo N'diaye,2000,C,83.5,208.0,27.5,4.0,13.16,3.69,,,,
202344,Trevor Booker,2010,PF,78.25,235.8,36.0,22.0,11.15,3.1,,9.0,9.5,7.3
12086,Robert Jackson,2003,PF-C,79.75,254.0,26.0,15.0,11.26,3.25,,,,15.9
2735,Josh Childress,2004,SG-SF,77.75,196.0,36.0,11.0,11.95,3.38,,,,9.3
2599,Brandon Hunter,2003,PF,78.5,266.0,35.0,25.0,11.13,3.21,,,,8.0
1629607,Jared Harper,2019,PG,69.75,169.2,40.5,8.0,10.77,3.04,3.02,8.25,9.5,3.9
1629016,Omari Spellman,2018,PF-C,80.0,253.8,35.5,8.0,12.28,3.38,3.35,9.0,9.0,13.75
203471,Dennis Schroder,2013,PG,73.0,164.8,34.0,1.0,11.09,3.21,2.86,8.75,10.5,4.1
201249,Jamaal Tatum,2007,PG,71.5,168.0,33.0,7.0,11.51,3.22,,,,5.0
1628968,Brian Bowen II,2019,SF,78.25,200.0,35.5,1.0,10.98,3.26,3.21,8.5,9.75,6.5
1626164,Devin Booker,2015,SG,76.5,205.8,34.5,8.0,10.27,3.28,2.75,8.75,9.0,8.3
203124,Kyle O'Quinn,2012,PF,80.5,240.8,31.5,,11.65,3.53,,9.5,10.0,8.0
101236,Charles Hayes,2005,SF-PF,77.5,232.4,33.0,20.0,10.7,3.34,,,,
1630204,Ashton Hagans,2020,PG,73.5,193.0,36.5,,10.82,3.13,2.5,9.0,9.0,4.1
12073,LaVell Blanchard,2003,SF,78.0,205.0,36.5,12.0,11.64,3.38,,,,11.7
1629637,Jaxson Hayes,2019,PF,82.25,218.6,34.5,5.0,11.74,3.37,3.23,9.25,10.5,5.0
1628966,Keita Bates-Diop,2018,SG-SF,79.25,223.8,35.0,11.0,11.2,3.17,3.28,9.0,8.5,5.35
2239,Trenton Hassell,2001,SG-SF,76.25,205.0,37.5,12.0,11.57,3.29,,,,5.3
1627757,Stephen Zimmerman,2016,C,82.25,234.0,31.0,,12.08,3.43,3.16,9.0,9.0,11.15
1629675,Naz Reid,2019,PF,80.25,255.8,32.5,3.0,12.03,3.42,3.76,9.5,9.25,14.0
200786,David Noel,2006,SF-SG,76.5,223.0,38.5,20.0,10.54,3.07,,,,6.1
203915,Spencer Dinwiddie,2014,PG,76.5,204.9,,,,,,8.25,9.0,5.35
12099,Marvin Stone,2003,C-PF,81.5,261.0,27.5,9.0,12.1,3.5,,,,17.4
101109,Raymond Felton,2005,PG,71.5,199.4,33.5,6.0,10.5,3.06,,,,
202340,Avery Bradley,2010,SG-PG,74.0,180.4,37.5,2.0,11.47,3.14,,8.25,9.5,4.0
12015,Blake Stepp,2004,PG,,,,,,,,,,8.0
2757,Beno Udrih,2004,PG,74.5,199.0,,2.0,,,,,,9.3
12262,Aleks Maric,2008,C,81.75,273.0,28.0,15.0,11.76,3.35,,,,10.1
203077,Michael Kidd-Gilchrist,2012,SF,77.75,232.8,35.5,6.0,11.77,3.18,,9.0,10.25,7.0
2062,A.J. Guyton,2000,PG-SG,72.75,175.0,37.5,9.0,10.55,3.22,,,,
202356,Armon Johnson,2010,PG-SG,74.0,195.2,38.5,18.0,11.25,3.19,,8.25,9.25,5.6
12223,Ron Lewis,2007,SG,74.0,194.0,38.0,16.0,11.59,3.22,,,,4.5
1626173,Rashad Vaughn,2015,SG,75.75,198.6,34.0,5.0,11.4,3.21,3.1,8.0,8.5,6.2
12101,Wayne Wallace,2003,PF,79.25,187.0,36.0,6.0,11.85,3.24,,,,4.6
1630222,Mason Jones,2020,SG,75.75,207.2,31.0,,10.6,3.33,2.49,8.75,8.5,8.9
202351,Lazar Hayward,2010,SG-SF,76.5,225.8,36.0,15.0,10.87,3.31,,9.25,9.5,7.5
101127,Jarrett Jack,2005,PG,74.5,197.6,28.5,5.0,10.87,3.24,,,,
2552,Michael Sweetney,2003,PF,79.25,262.0,31.5,3.0,12.9,3.28,,,,14.1
1629007,Jontay Porter,2018,C-PF,82.0,236.0,31.0,9.0,11.9,3.4,3.07,8.75,9.5,13.85
200814,Tarence Kinsey,2006,SF-SG,76.75,179.0,35.5,5.0,10.67,3.3,,,,4.1
201229,Anthony Tolliver,2007,PF,79.0,242.0,30.0,21.0,11.49,3.29,,,,5.7
200780,Solomon Jones,2006,PF-C,80.5,224.0,39.0,6.0,11.27,3.3,,,,7.4
12168,Lee Scruggs,2001,PF-SF,82.25,209.0,29.5,0.0,13.28,3.55,,,,10.5
12000,Bryant Matthews,2004,SF-SG,77.75,206.0,34.5,13.0,11.08,3.13,,,,6.7
2238,Antonis Fotsis,2000,SF,81.25,219.0,30.0,2.0,11.6,3.44,,,,
202355,Hassan Whiteside,2010,C-PF,82.5,226.6,31.5,12.0,11.83,3.54,,8.25,10.25,5.5
2203,Shane Battier,2001,SF-PF,80.25,229.0,33.0,12.0,10.95,3.3,,,,9.3
12120,Tre Simmons,2005,SG-SF,76.0,194.2,31.5,3.0,10.8,3.18,,,,
2632,Kirk Penney,2003,SG-SF,77.0,218.0,35.5,15.0,10.44,3.04,,,,8.0
2596,Tommy Smith,2003,PF-SF,81.0,200.0,33.0,2.0,11.54,3.14,,,,6.7
101152,Bracey Wright,2005,SG-PG,73.25,186.8,36.0,8.0,11.58,3.27,,,,
203489,Nate Wolters,2013,PG,75.5,196.4,,8.0,,,,8.25,8.75,5.5
203094,Andrew Nicholson,2012,PF,80.5,234.0,30.5,10.0,11.89,3.67,,10.0,10.75,7.6
1628395,Jordan Bell,2017,PF,79.0,223.6,38.0,16.0,10.63,3.21,2.83,9.25,9.5,5.4
201988,Patty Mills,2009,PG,71.25,175.4,33.0,8.0,10.87,3.1,,,,6.9
203522,Trevor Mbakwe,2013,PF,78.75,235.8,36.5,21.0,12.01,3.32,2.97,9.5,11.5,5.9
203937,Kyle Anderson,2014,SF,79.5,230.1,,,,,,8.25,8.75,13.35
12031,SirValiant Brown,2001,PG,71.0,176.0,39.5,10.0,11.23,3.0,,,,6.7
202681,Kyrie Irving,2011,PG,73.75,191.0,,,,,,8.25,9.25,10.2
12207,Coleman Collins,2007,PF,80.0,236.0,35.0,21.0,11.47,,,,,6.2
1630188,Jalen Smith,2020,PF-C,81.25,224.6,,,,,,9.25,9.25,3.7
12279,Joe Ingles,2009,SF,79.75,209.2,31.0,3.0,10.66,3.3,,,,10.1
201187,Dominic McGuire,2007,SF,79.0,220.0,34.5,12.0,10.95,3.25,,,,4.7
201564,O.J. Mayo,2008,SG-PG,75.25,200.0,41.0,7.0,11.04,3.14,,,,6.3
2202,Jason Richardson,2001,SF-SG,76.75,213.0,39.5,15.0,11.75,3.12,,,,5.3
1629660,Ty Jerome,2019,PG,76.25,194.4,31.5,2.0,11.21,3.4,3.12,8.25,9.5,6.5
204211,Justin Jackson,2016,SF,79.0,193.4,34.5,,11.32,3.26,2.96,8.75,8.75,7.6
1630179,Tyrell Terry,2020,PG,73.5,170.0,34.0,,10.78,3.28,2.59,7.5,8.25,7.6
201634,DeMarcus Nelson,2008,PG-SG,73.0,198.0,38.5,19.0,10.54,3.13,,,,4.5
12190,Eric Hicks,2006,PF,76.75,238.0,34.0,20.0,12.06,3.34,,,,7.1
201962,Toney Douglas,2009,PG,73.0,183.4,32.5,15.0,10.63,3.03,,,,5.2
1629656,Quentin Grimes,2019,SG,76.0,209.6,36.0,6.0,10.83,3.2,3.28,8.25,10.0,8.4
2773,Tim Pickett,2004,PG-SG,75.0,207.0,,,,,,,,6.0
1629674,Neemias Queta,2019,C,82.75,225.8,32.5,1.0,12.04,3.73,3.45,9.5,11.0,6.3
1628961,Kostas Antetokounmpo,2018,PF,81.0,194.8,35.0,0.0,12.48,3.21,3.48,9.25,9.5,5.0
200787,Denham Brown,2006,SG-SF,76.0,218.0,34.5,12.0,11.42,3.25,,,,9.0
1630193,Immanuel Quickley,2020,SG,74.0,185.8,35.5,,11.21,3.17,2.46,8.0,8.75,8.2
1628995,Kevin Knox,2018,SF,79.75,212.6,,,,,,8.75,9.25,4.95
1628430,Nigel Williams-Goss,2017,PG,73.5,190.2,34.5,10.0,10.42,3.19,3.08,8.75,9.25,5.6
1629630,Ja Morant,2019,PG,,,,,,,,,,
1628368,De?Aaron Fox,2017,PG,74.0,169.6,,,,,,8.5,8.5,4.5
12175,Aleksandar Capin,2004,PG,72.0,176.0,29.0,4.0,11.5,3.27,,,,9.3
203942,Patric Young,2014,PF,80.5,246.8,37.5,,11.18,3.43,3.06,9.25,9.5,5.45
2218,Joseph Forte,2001,SG,75.5,193.0,33.0,10.0,11.51,3.19,,,,
201324,Julian Sensley,2002,PF-SF,79.0,228.0,31.5,8.0,11.85,3.32,,,,
203926,Doug McDermott,2014,SF,78.25,218.0,36.5,,11.1,3.29,3.15,8.75,9.75,7.1
1628380,Zach Collins,2017,PF-C,82.25,232.2,,,,,,8.75,9.25,8.9
203482,Kelly Olynyk,2013,PF-C,82.75,234.0,29.5,5.0,11.42,3.59,2.99,8.5,10.0,6.65
12428,David Lighty,2011,SG,76.75,216.2,33.0,15.0,10.81,3.25,,9.0,10.0,6.5
12044,Craig Dawson,2002,SG-SF,75.5,200.0,30.0,0.0,12.06,3.25,,,,
2435,Mario Kasun,2002,C,83.75,260.0,,12.0,,,,,,
201154,Al Thornton,2007,SF,77.75,221.0,41.0,9.0,11.96,3.16,,,,5.8
201203,Mustafa Shakur,2007,PG,75.0,185.0,35.0,11.0,11.82,3.27,,,,4.1
1628418,Thomas Bryant,2017,PF-C,81.5,247.8,33.0,7.0,11.42,3.37,3.12,9.5,10.25,9.4
203457,Nerlens Noel,2013,C,82.0,206.4,,,,,,9.5,10.0,4.15
1629004,Sviatoslav Mykhailiuk,2018,SG-SF,78.5,211.6,37.0,4.0,11.25,3.15,3.18,8.25,9.5,8.45
201622,Deron Washington,2008,SF,77.25,198.5,40.0,7.0,11.03,3.09,,,,7.2
201942,DeMar DeRozan,2009,SG-SF,77.5,211.2,38.5,5.0,11.88,3.31,,,,4.9
201965,Jeff Ayres,2009,PF,80.75,239.6,35.0,15.0,11.98,3.14,,,,5.5
12289,Sylvere Bryan,2002,PF,81.0,226.0,29.5,13.0,12.03,3.2,,,,
1628401,Derrick White,2017,PG,75.25,189.8,36.5,10.0,10.84,3.08,2.92,8.25,8.5,6.2
2567,Brian Cook,2003,PF-SF,81.5,234.0,29.0,6.0,11.87,3.45,,,,10.5
12055,Immanuel McElroy,2002,SG,74.25,191.0,,9.0,,,,,,
203470,Colton Iverson,2013,C,82.5,262.8,30.0,12.0,11.52,3.52,3.04,9.25,9.5,9.6
201941,Jordan Hill,2009,PF-C,81.25,232.4,35.0,11.0,12.23,3.3,,,,6.0
12212,Caleb Green,2007,PF,78.0,238.0,36.0,9.0,11.72,3.46,,,,10.9
101252,Sean Banks,2005,SF,77.75,206.4,31.5,7.0,11.74,3.35,,,,
12139,Michael Hermon,2000,SG-PG,74.75,195.0,33.0,0.0,11.79,3.25,,,,
2248,Earl Watson,2001,PG,72.0,184.0,37.5,4.0,10.97,3.19,,,,4.0
1626149,Montrezl Harrell,2015,PF,79.0,253.4,,,,,,9.0,9.75,11.9
1629026,Kenrich Williams,2018,SF,78.0,200.4,33.0,14.0,10.86,3.19,3.28,8.5,9.75,5.95
12148,Reed Rawlings,2000,SG-SF,78.25,218.0,33.5,13.0,11.1,3.27,,,,
202721,Darius Morris,2011,PG-SG,75.25,190.0,32.0,12.0,11.0,3.2,,8.75,10.0,5.3
1628971,Bruce Brown,2018,SG-PG,75.5,194.6,38.0,17.0,11.11,3.2,3.44,8.5,8.5,3.75
203093,Terrence Jones,2012,PF-SF,80.25,252.0,34.5,12.0,11.57,3.4,,9.0,10.0,7.7
1627781,Malachi Richardson,2016,SG-SF,76.75,199.6,38.0,,10.56,3.33,3.25,8.75,10.0,7.0
12053,Steve Logan,2002,PG,70.0,207.0,,11.0,,,,,,
1626175,Jordan Mickey,2015,PF,79.0,238.0,37.5,9.0,11.72,3.28,3.13,8.75,9.5,7.2
201966,Jermaine Taylor,2009,SG,75.5,207.4,37.5,16.0,11.54,3.32,,,,5.8
1630219,Skylar Mays,2020,SG,75.0,204.0,37.5,,10.65,3.3,2.4,8.0,9.75,7.4
1626163,Frank Kaminsky,2015,C-PF,83.75,231.2,,,,,,8.5,9.5,9.4
1627744,Brice Johnson,2016,PF,81.0,208.6,38.0,,11.88,3.2,2.94,9.0,8.25,7.5
12228,Blake Schilb,2007,SG,77.0,214.0,33.5,11.0,11.63,3.36,,,,10.0
203122,Kevin Murphy,2012,SG,77.0,194.0,36.5,11.0,10.97,3.42,,8.5,8.5,5.8
1629649,Ignas Brazdeikis,2019,SF,77.75,220.8,36.5,13.0,11.06,3.36,3.17,8.75,9.5,6.0
2457,Jannero Pargo,2002,PG,72.25,168.0,29.5,5.0,11.11,3.2,,,,
202358,Terrico White,2010,SG-PG,75.75,202.6,40.0,10.0,11.38,3.15,,9.0,10.5,3.7
1629009,Billy Preston,2018,PF,80.75,222.4,33.0,0.0,11.26,3.2,3.35,9.25,9.5,5.45
2446,Rasual Butler,2002,SF,78.75,198.0,37.5,10.0,11.54,3.29,,,,
1630189,Tyler Bey,2020,PF,78.0,212.8,43.5,,11.35,3.17,2.75,8.5,9.0,5.0
203933,T.J. Warren,2014,SF,79.0,220.2,35.5,,11.1,3.26,3.04,8.75,9.0,7.95
101165,Alex Acker,2005,SG,75.75,183.0,32.0,11.0,11.67,3.35,,,,
1628988,Aaron Holiday,2018,PG,71.75,187.0,33.0,,10.96,3.27,3.22,8.75,8.5,6.4
2072,Michael Redd,2000,SG-SF,76.75,214.0,31.0,12.0,12.06,3.34,,,,
203082,Terrence Ross,2012,SG-SF,78.0,196.6,37.5,2.0,11.78,3.28,,8.75,10.25,3.2
12096,Hollis Price,2003,PG-SG,71.5,165.0,33.0,1.0,10.72,3.25,,,,7.3
12317,Charles Garcia,2010,SF,80.25,231.6,30.5,2.0,11.65,3.23,,8.75,9.0,7.0
2249,Jamison Brewer,2001,PG,74.5,178.0,32.5,12.0,9.65,3.15,,,,6.7
12210,Zabian Dowdell,2007,PG,73.0,191.0,33.5,3.0,11.13,3.29,,,,5.1
201573,Jerryd Bayless,2008,PG-SG,73.75,204.0,38.0,10.0,11.26,3.07,,,,4.7
12156,Nate James,2001,SF,76.75,196.0,31.0,23.0,11.42,3.31,,,,6.0
1630208,Nick Richards,2020,C,82.5,241.6,34.0,,11.42,3.25,2.92,9.0,9.0,8.5
2733,Shaun Livingston,2004,PG-SG,78.25,186.0,30.0,,10.72,3.23,,,,6.7
12114,David Lucas,2005,PF,78.5,233.4,,17.0,,,,,,
12234,Kyle Visser,2007,C,82.0,242.0,29.0,18.0,12.6,3.39,,,,10.2
201858,Cartier Martin,2007,SF,76.0,218.0,29.5,11.0,12.1,3.43,,,,5.6
201185,Jared Jordan,2007,PG,72.0,183.0,28.5,6.0,11.02,3.39,,,,7.0
201153,Julian Wright,2007,SF-PF,78.5,211.0,33.5,2.0,11.48,3.36,,,,6.1
1628974,Tony Carr,2018,PG,75.0,198.8,31.5,0.0,11.89,3.17,3.4,8.5,9.75,6.5
1629676,Isaiah Roby,2019,PF,79.25,214.0,35.5,9.0,10.63,3.25,3.05,9.0,10.5,3.9
2677,Kevin Lyde,2002,C-PF,80.75,278.0,30.5,13.0,12.97,3.36,,,,
203733,William Buford,2012,SG-SF,76.0,214.6,32.5,8.0,11.4,3.43,,8.75,10.0,11.3
2440,Matt Barnes,2002,SF,78.75,226.0,40.5,11.0,10.68,3.28,,,,
1630210,Markus Howard,2020,PG,69.5,170.8,35.5,,11.21,3.11,3.17,8.5,7.75,9.91
200760,Rodney Carney,2006,SG-SF,76.5,204.0,38.5,10.0,10.57,3.06,,,,5.3
201616,Darnell Jackson,2008,PF,79.0,240.5,31.0,11.0,11.75,3.26,,,,12.5
2559,Troy Bell,2003,PG,72.25,178.0,41.0,17.0,10.89,3.06,,,,5.3
202382,Derrick Caracter,2010,PF,80.25,280.0,30.5,22.0,12.78,3.61,,9.0,10.25,12.8
203939,Dwight Powell,2014,PF,81.5,234.4,35.0,,11.28,3.2,2.88,9.0,9.25,6.2
12028,Bootsy Thornton,2000,SG,75.5,194.5,31.0,7.0,12.08,3.33,,,,
12249,Frank Elegar,2008,PF,79.25,210.0,37.5,11.0,11.86,3.17,,,,4.5
203938,Alec Brown,2014,PF,84.25,231.2,30.0,,12.05,3.48,2.91,9.25,8.75,7.7
1630194,Paul Reed Jr.,2020,PF,80.5,219.2,37.5,,12.29,3.45,2.67,9.0,8.75,6.83
12058,Byron Mouton,2002,SG-SF,76.5,213.0,30.0,7.0,11.84,3.1,,,,
12002,James Moore,2004,PF-SF,78.5,198.0,32.5,,11.01,3.21,,,,8.0
201234,Trey Johnson,2007,SG,75.0,216.0,35.0,18.0,11.78,3.31,,,,5.4
1630221,Joshua Hall,2020,SF,78.0,196.6,37.5,,12.16,3.38,2.62,8.75,9.5,7.6
12026,Nick Sheppard,2000,PF-C,81.5,273.0,25.5,18.0,12.14,3.52,,,,
12080,Justin Hamilton,2003,PG-SG,75.0,217.0,37.5,17.0,11.18,3.18,,,,8.0
2876,Jared Reiner,2004,C-PF,82.0,246.0,26.0,15.0,12.65,3.56,,,,12.9
2777,Ricky Minard,2004,PG-SG,75.25,198.0,33.0,13.0,10.94,3.1,,,,8.0
1628387,Ike Anigbogu,2017,C,80.5,252.2,32.5,11.0,12.52,3.44,3.48,9.5,10.0,5.4
203114,Khris Middleton,2012,SF,78.75,216.2,31.0,4.0,11.45,3.47,,9.0,9.0,7.8
12217,Jeremy Hunt,2007,SG,74.0,198.0,33.0,10.0,12.11,3.29,,,,5.2
12253,Sasha Kaun,2008,C-PF,81.0,247.0,32.0,13.0,12.06,3.2,,,,9.6
201567,Kevin Love,2008,PF,79.75,255.0,35.0,18.0,11.17,3.22,,,,12.9
1628514,Peter Jok,2017,SG-SF,76.25,202.4,31.0,,11.34,3.41,2.93,8.25,9.5,11.0
12125,Brad Buckman,2006,PF,79.25,238.0,30.5,10.0,12.26,3.54,,,,10.5
202346,Dominique Jones,2010,SG,75.25,216.0,32.5,19.0,10.88,3.31,,9.0,10.25,5.9
201161,Daequan Cook,2007,SG,75.0,203.0,34.5,4.0,11.12,3.22,,,,7.0
1626191,Chris McCullough,2015,PF,80.25,199.0,,,,,,8.75,8.75,6.2
12121,David Simon,2005,C-PF,80.0,258.8,33.0,18.0,11.98,3.44,,,,
12029,Jaquay Walls,2000,PG,73.25,165.5,35.5,0.0,10.75,3.23,,,,
203479,Jamaal Franklin,2013,SG-SF,76.0,190.8,,,,,,8.5,8.25,8.25
2606,Carl English,2003,SG-PG,76.0,201.0,34.0,11.0,11.77,3.32,,,,8.0
12184,Jaime Lloreda,2004,PF,78.75,247.0,29.5,6.0,12.93,3.23,,,,9.9
12248,Josh Duncan,2008,PF,80.0,230.0,32.0,26.0,12.47,3.26,,,,5.4
1629611,Terance Mann,2019,SG-SF,76.75,204.6,38.5,6.0,11.51,3.3,3.14,9.5,9.25,4.0
201956,Omri Casspi,2009,SF,79.75,211.2,32.5,2.0,11.15,3.28,,,,8.6
201868,Stanley Burrell,2008,PG,73.5,201.0,34.5,21.0,11.19,3.19,,,,5.6
1628985,Devon Hall,2018,SG,76.25,206.4,31.0,6.0,10.95,3.27,3.16,8.5,10.0,8.45
12052,Muhammed Lasege,2002,C-PF,80.75,228.0,30.0,18.0,12.96,3.29,,,,
2544,LeBron James,2003,SF-SG,79.25,245.0,,,,,,,,6.7
203504,Trey Burke,2013,PG,71.75,187.0,36.5,3.0,11.2,3.16,3.01,8.25,8.75,6.9
201177,Josh McRoberts,2007,PF,80.0,240.0,31.5,12.0,11.7,3.47,,,,13.7
12235,Major Wingate,2007,C,80.5,242.0,30.5,15.0,12.14,3.47,,,,6.7
203930,Sean Kilpatrick,2014,SG,74.5,218.7,,,,,,9.0,9.0,9.2
12170,Damone Thornton,2001,PF,78.75,235.0,37.5,19.0,11.17,3.2,,,,8.0
1628503,Jamel Artis,2017,SG-SF,77.5,213.2,31.0,5.0,11.62,3.44,3.08,9.25,9.75,11.9
12173,Brian Boddicker,2004,SF-PF,79.5,230.0,30.0,16.0,10.93,3.25,,,,11.2
1628980,Jacob Evans,2018,SG-SF,76.25,199.6,35.5,8.0,11.11,3.2,3.14,9.0,9.25,6.5
12035,Calvin Bowman,2001,PF,80.75,214.0,34.5,7.0,11.96,3.21,,,,8.6
200829,Ivan McFarlin,2005,PF,77.5,228.6,32.0,10.0,10.64,3.27,,,,
1630182,Josh Green,2020,SG-SF,76.5,214.0,39.5,,10.64,3.12,2.28,8.0,8.75,6.8
1626217,Chris Walker,2015,PF,80.75,208.0,37.0,6.0,11.25,3.35,3.41,9.0,9.0,5.1
12180,Martin Iti,2004,C-PF,80.5,233.0,32.5,13.0,12.28,3.41,,,,10.5
1626185,Jarell Martin,2015,PF,80.0,238.6,35.0,19.0,11.2,3.27,2.97,8.25,9.5,10.1
201624,David Padgett,2008,C-PF,82.25,239.5,28.0,17.0,12.45,3.45,,,,9.0
202331,Paul George,2010,SF,79.75,214.4,,4.0,,,,8.5,9.0,5.0
1627774,Jake Layman,2016,SF,80.0,208.6,39.5,,11.35,3.24,2.82,8.25,9.25,7.1
12192,Viktor Keyru,2006,SG-PG,77.25,202.0,34.5,11.0,11.4,3.24,,,,5.5
200756,Hilton Armstrong,2006,C-PF,81.5,240.0,31.5,13.0,12.28,3.53,,,,6.3
201948,Austin Daye,2009,SF-PF,81.75,191.8,28.0,0.0,12.11,3.55,,,,5.5
203500,Steven Adams,2013,C,82.75,254.5,33.0,16.0,11.85,3.4,3.02,9.5,11.0,6.65
12211,Rashaun Freeman,2007,PF,78.0,244.0,32.0,20.0,11.43,3.41,,,,11.5
2215,Jason Collins,2001,PF-C,82.25,251.0,28.5,8.0,12.1,3.54,,,,12.9
12458,J'Covan Brown,2012,PG,73.0,202.4,29.5,3.0,11.68,3.47,,7.75,8.25,12.5
12076,Ruben Douglas,2003,SG,75.5,193.0,35.0,9.0,11.95,3.27,,,,6.0
12316,Keith Gallon,2010,PF-C,80.5,301.8,28.5,14.0,13.44,3.7,,9.25,10.5,15.1
1628476,Derrick Walton Jr.,2017,PG,71.0,188.6,32.5,9.0,11.28,3.29,3.12,8.0,8.5,5.8
203089,John Henson,2012,PF,81.0,216.0,30.0,5.0,,,,9.25,10.0,8.6
1629651,Nicolas Claxton,2019,C,82.0,216.6,36.5,8.0,11.26,3.36,3.47,9.25,9.5,4.5
101195,Luke Schenscher,2005,C,83.75,241.6,26.5,1.0,12.4,3.47,,,,
1626178,Rondae Hollis-Jefferson,2015,SF,77.5,210.8,38.0,13.0,10.41,3.12,3.19,8.75,9.75,5.0
1630203,Grant Riller,2020,PG-SG,72.25,178.4,39.5,,11.17,3.07,2.45,8.0,8.5,5.4
12016,Tom Timmerrmans,2004,PF-C,82.5,272.0,26.5,15.0,13.13,3.63,,,,15.2
203906,Devyn Marble,2014,SG,77.0,192.4,35.0,,11.32,3.28,3.08,8.25,8.5,6.9
1626165,Brandon Ashley,2015,PF,79.25,228.0,35.5,9.0,11.21,3.58,3.35,9.0,9.5,8.8
2637,Alex Scales,2000,SG-PG,74.25,184.5,42.5,10.0,10.98,3.21,,,,
12226,JR Reynolds,2007,PG,72.0,188.0,34.5,15.0,11.69,3.24,,,,8.2
12291,Mire Chatman,2002,PG-SG,72.0,174.0,33.0,1.0,11.12,3.18,,,,
203133,Robbie Hummel,2012,SF,79.25,218.0,30.0,13.0,11.56,3.41,,8.5,9.5,9.4
201961,Wayne Ellington,2009,SG,76.25,202.4,38.0,13.0,11.14,3.2,,,,5.5
12169,Greg Stevenson,2001,SF,75.75,215.0,35.5,15.0,11.29,3.23,,,,7.3
1627780,Gary Payton II,2016,PG,74.0,183.8,38.5,,11.57,3.23,3.17,8.75,9.5,3.95
1629610,DaQuan Jeffries,2019,SF-PF,76.0,215.6,,,,,,9.5,10.25,3.9
12153,Charles Hathaway,2001,C,80.0,274.0,,,,,,,,
1629671,Miye Oni,2019,SG,76.25,205.6,38.5,19.0,11.71,3.17,3.12,9.0,10.0,4.9
201156,Nick Young,2007,SG-SF,77.0,206.0,40.5,6.0,11.0,3.25,,,,6.8
2810,Andre Brown,2004,PF-C,80.0,236.0,35.5,18.0,11.7,3.22,,,,6.0
1628407,Dwayne Bacon,2017,SG-SF,76.75,221.6,36.5,8.0,11.7,3.22,3.22,8.75,10.0,7.9
1628992,Justin Jackson (UMD),2017,SF,77.75,219.4,31.5,,11.78,3.43,3.08,9.0,9.5,7.1
2470,Smush Parker,2002,PG-SG,74.5,179.0,28.5,1.0,12.3,3.26,,,,
201580,JaVale McGee,2008,C-PF,83.0,241.0,32.5,7.0,12.75,3.25,,,,5.3
203083,Andre Drummond,2012,C,81.75,278.6,33.5,10.0,10.83,3.39,,9.5,9.5,7.5
200081,Jamario Moon,2001,SF,78.5,185.0,43.0,0.0,11.64,3.08,,,,5.3
1629678,Admiral Schofield,2019,SF,76.0,240.6,34.0,15.0,10.77,3.37,2.87,8.75,9.0,6.8
12237,Avis Wyatt,2007,PF,80.75,212.0,32.0,12.0,11.46,3.23,,,,3.3
12103,Doug Wrenn,2003,SF-PF,77.75,220.0,41.0,15.0,11.38,3.17,,,,7.3
12222,Marko Lekic,2007,C,81.0,267.0,30.5,19.0,11.96,3.43,,,,11.4
1626145,Tyus Jones,2015,PG,72.5,184.6,32.5,2.0,11.84,3.32,2.95,8.25,8.75,6.5
203467,Carrick Felix,2013,SF-SG,76.75,202.6,38.5,15.0,11.16,3.25,3.09,8.5,9.5,3.3
12167,Kenny Satterfield,2001,PG,73.0,176.0,33.0,3.0,12.05,3.2,,,,6.7
12003,Marcus Moore,2004,PG-SG,76.0,202.0,30.0,,11.31,3.34,,,,14.8
2251,Eric Chenowith,2001,C,85.0,264.0,27.5,6.0,12.5,3.59,,,,12.9
12288,Brian Brown,2002,PG-SG,74.5,194.0,33.0,8.0,11.43,3.29,,,,
201143,Al Horford,2007,PF,80.0,246.0,35.5,20.0,12.15,3.37,,,,9.1
202330,Gordon Hayward,2010,SF,78.75,211.0,34.5,10.0,11.73,3.22,,8.5,9.25,6.9
202729,Josh Selby,2011,SG-PG,73.75,194.6,42.0,5.0,11.13,3.2,,8.5,9.0,7.9
202684,Tristan Thompson,2011,PF,79.5,227.4,35.0,9.0,10.92,3.26,,8.75,9.25,6.2
1628403,Caleb Swanigan,2017,PF,79.5,245.6,,,,,,9.5,10.25,
201171,Carl Landry,2007,PF,79.0,248.0,36.5,21.0,11.35,3.29,,,,7.5
1629025,Kris Wilkes,2018,SF,78.5,205.0,35.5,1.0,11.29,3.24,3.16,8.75,9.25,5.15
1627771,Michael Gbinije,2016,SG,77.5,204.6,37.5,,11.0,3.12,3.19,8.0,9.0,5.4
1628386,Jarrett Allen,2017,C,81.0,233.6,35.5,4.0,11.82,3.21,3.0,9.5,10.5,7.4
2226,Will Solomon,2001,PG-SG,71.75,172.0,35.0,4.0,11.3,3.22,,,,4.0
12117,Larry O'Bannon,2005,SG,75.0,196.0,36.5,17.0,11.44,3.18,,,,
2648,Ronald Dupree,2003,SF-SG,78.0,209.0,41.5,11.0,11.09,3.23,,,,6.7
201950,Jrue Holiday,2009,PG-SG,75.25,199.0,34.0,6.0,10.64,3.21,,,,6.3
2399,Mike Dunleavy,2002,SF,80.0,230.0,29.0,11.0,11.55,3.3,,,,
12027,Jarrett Stephens,2000,PF,77.25,258.0,29.0,13.0,11.98,3.46,,,,
1630191,Isaiah Stewart,2020,C,79.25,243.0,,,,,,9.0,10.5,7.5
1630186,Jahmi'us Ramsey,2020,SG,74.5,193.4,,,,,,8.75,9.75,3.4
1627753,Zhou Qi,2016,PF-C,85.25,218.2,32.0,,11.27,3.46,2.9,9.25,9.5,4.85
2006,Larry Nance,2015,PF,79.5,226.6,37.5,10.0,10.93,3.25,3.01,9.0,9.75,6.4
201208,Darryl Watkins,2007,C,80.75,241.0,31.0,14.0,11.65,3.56,,,,6.9
202715,Tyler Honeycutt,2011,SF,78.75,186.8,37.0,,11.68,3.07,,8.5,9.5,5.3
1628959,Rawle Alkins,2018,SG,74.75,217.4,40.5,10.0,11.5,3.15,3.09,8.5,10.0,8.9
203927,C.J. Fair,2014,SF,78.5,218.1,35.0,,11.0,3.32,3.06,9.0,9.0,5.05
1629685,Dylan Windler,2019,SF,78.25,195.8,37.5,8.0,10.7,3.3,2.94,8.25,9.5,4.6
2694,Josh Powell,2003,PF-SF,80.0,227.0,38.5,15.0,11.72,3.2,,,,8.0
12292,Mike Williams,2004,SF,77.5,197.0,27.5,,11.59,3.42,,,,9.3
2402,Dajuan Wagner,2002,PG-SG,72.75,193.0,35.0,16.0,12.03,3.22,,,,
1629005,Malik Newman,2016,SG,74.25,182.2,35.5,,10.88,3.28,3.11,8.25,9.25,5.6
12022,Julius Doc Robinson,2000,PG,72.0,184.0,37.5,0.0,12.54,3.41,,,,
12111,John Gilchrist,2005,PG,73.25,195.2,36.5,12.0,11.48,3.15,,,,
202378,Willie Warren,2010,SG-PG,74.5,208.4,31.5,10.0,11.21,3.5,,8.5,9.5,7.6
203493,Reggie Bullock,2013,SG-SF,77.75,199.8,36.5,11.0,11.33,3.31,3.3,8.5,9.0,6.95
203488,Mike Muscala,2013,C-PF,82.25,230.2,33.5,5.0,11.76,3.44,2.99,8.5,9.0,6.8
2453,Predrag Savovic,2002,SG,76.75,212.0,28.5,13.0,10.94,3.38,,,,
101162,Marcin Gortat,2005,PF-C,83.0,225.2,36.0,18.0,11.48,3.33,,,,
12240,Tyrone Brazelton,2008,PG,70.0,166.0,34.0,8.0,11.59,3.25,,,,8.1
2077,Mark Karcher,2000,SG,76.0,218.0,30.5,12.0,11.51,3.4,,,,
203898,Tyler Ennis,2014,PG,73.0,181.5,36.0,,11.12,3.3,2.84,8.25,8.75,6.2
1628997,Caleb Martin,2018,SF-SG,76.75,195.8,36.5,6.0,10.43,3.26,2.75,8.5,8.75,7.0
2592,James Jones,2003,SF,79.25,218.0,33.0,9.0,11.18,3.19,,,,6.7
201155,Rodney Stuckey,2007,SG-PG,75.75,207.0,35.0,14.0,11.34,3.11,,,,6.1
1627778,Chinanu Onuaku,2016,C,81.0,245.2,33.5,,11.65,3.5,3.0,9.0,8.0,8.55
101124,Hakim Warrick,2005,PF-SF,79.25,215.0,38.0,11.0,,3.22,,,,
1629001,DeAnthony Melton,2018,SG-PG,74.25,193.2,36.5,1.0,11.48,3.23,3.33,8.5,9.5,5.2
12251,James Gist,2008,PF,79.0,220.0,35.0,5.0,11.37,3.14,,,,4.8
201015,Antywane Robinson,2006,SF-PF,78.25,217.0,32.5,12.0,11.73,3.4,,,,6.9
2443,Darius Songaila,2002,PF,80.0,240.0,29.5,8.0,11.69,3.52,,,,
1629670,Jordan Nwora,2019,PF,77.75,220.0,,,,,,8.5,9.25,7.8
2774,Bernard Robinson,2004,SG-SF,77.25,208.0,34.5,14.0,10.91,3.17,,,,6.0
202697,Iman Shumpert,2011,PG-SG,76.25,221.8,42.0,18.0,11.1,3.18,,9.0,9.0,6.5
12068,Damon Hancock,2002,SG-PG,74.75,203.0,35.0,15.0,11.62,3.03,,,,
200746,LaMarcus Aldridge,2006,PF-C,82.0,234.0,34.0,8.0,12.02,3.43,,,,8.7
203116,Tyshawn Taylor,2012,PG,74.75,177.0,36.5,0.0,11.48,3.2,,8.75,8.75,4.2
2604,Theron Smith,2003,PF-SF,78.5,234.0,32.0,25.0,10.99,3.1,,,,9.3
12417,Rick Jackson,2011,PF,80.25,241.8,33.0,9.0,11.51,3.26,,8.75,9.5,8.3
1629604,CJ Elleby,2020,SG-SF,77.5,198.6,36.5,,11.25,3.25,2.63,8.75,10.0,4.2
2651,Jermaine Boyette,2003,PG-SG,73.0,187.0,35.5,14.0,11.2,3.07,,,,7.3
1628962,Udoka Azubuike,2018,C,82.0,273.8,31.5,11.0,12.97,3.12,3.65,9.5,10.0,7.95
2584,Willie Green,2003,SG-PG,74.5,201.0,28.5,13.0,11.86,3.19,,,,8.0
2451,Corsley Edwards,2002,PF,79.25,285.0,33.0,12.0,12.18,3.31,,,,
201991,Lester Hudson,2008,PG,71.75,196.0,36.0,12.0,11.15,3.16,,,,3.4
1628965,Jaylen Barford,2018,PG-SG,73.25,207.6,33.0,7.0,11.39,3.31,3.21,8.0,8.25,11.65
203110,Draymond Green,2012,PF-SF,77.75,235.6,33.0,9.0,11.01,3.4,,9.0,9.5,11.3
199,Reggie Williams,2008,SG,75.25,199.0,36.5,15.0,11.32,3.07,,,,5.3
1628410,Edmond Sumner,2017,PG,76.0,176.4,,,,,,8.25,9.0,8.3
12406,Michael Dunigan,2011,PF-C,80.5,237.6,34.5,10.0,11.85,3.27,,9.0,10.75,8.0
203106,Jeff Taylor,2012,SF-SG,78.0,212.8,40.0,15.0,10.87,3.29,,8.25,9.75,4.2
12064,Israel Sheinfeld,2002,PF-C,80.25,239.0,,8.0,,,,,,
202362,Lance Stephenson,2010,SG,76.5,227.0,33.0,10.0,11.39,3.38,,9.0,10.25,9.3
201151,Acie Law,2007,PG,74.0,186.0,34.0,8.0,11.0,3.22,,,,5.6
12087,Jason Keep,2003,C-PF,81.75,270.0,34.0,27.0,11.18,3.3,,,,8.6
202383,Stanley Robinson,2010,SF,78.5,213.2,37.5,6.0,11.65,3.23,,9.0,9.0,8.3
2406,Caron Butler,2002,SF-SG,77.25,222.0,31.0,2.0,12.15,3.33,,,,
2051,Donnell Harvey,2000,PF,79.25,220.0,32.5,15.0,11.23,,,,,
12006,Randall Orr,2004,PF-SF,81.0,193.0,33.0,6.0,11.18,3.27,,,,6.7
1628415,Dillon Brooks,2017,SG-SF,77.0,220.2,37.5,16.0,11.14,3.21,3.24,8.25,9.25,7.5
12284,Tyler Smith,2009,SF,77.25,212.0,33.5,10.0,10.69,3.24,,,,7.0
12265,Trent Plaisted,2008,PF,81.25,240.0,35.5,14.0,11.32,3.17,,,,11.0
1626152,Olivier Hanlan,2015,PG-SG,75.25,185.8,34.0,19.0,11.41,3.25,3.12,8.0,8.75,4.3
202706,Jordan Hamilton,2011,SF,78.75,228.4,32.0,7.0,11.47,3.3,,9.0,9.25,9.8
101156,Robert Whaley,2005,PF-C,80.0,269.4,33.5,15.0,12.11,3.25,,,,
2404,Chris Wilcox,2002,PF-C,80.25,218.0,34.5,20.0,11.43,3.16,,,,
1629629,Cameron Reddish,2019,SF,78.5,207.8,,,,,,9.0,9.0,4.7
1626148,Anthony Brown,2015,SF-SG,77.75,211.0,34.5,4.0,10.94,3.18,3.29,8.5,9.0,6.1
12056,Aaron McGhee,2002,PF-SF,79.0,255.0,28.5,,12.24,,,,,
2580,Travis Hansen,2003,SG,76.5,200.0,35.0,16.0,10.72,3.18,,,,6.0
1629024,Austin Wiley,2018,C,80.25,249.4,33.5,14.0,12.79,3.3,3.27,9.75,10.25,5.0
12045,Teddy Dupay,2002,PG,69.5,178.0,33.0,16.0,10.53,3.19,,,,
12178,Chris Garnett,2004,C-PF,80.25,260.0,31.5,22.0,11.75,3.36,,,,14.8
101179,Ronnie Price,2005,PG,72.75,184.8,39.0,11.0,10.49,3.29,,,,
12247,Marcus Dove,2008,SF-PF,78.75,208.0,33.5,10.0,11.59,3.26,,,,5.3
2772,Trevor Ariza,2004,SG-SF,79.0,201.0,32.0,8.0,11.63,3.29,,,,8.0
1628986,Jaylen Hands,2019,PG,73.5,180.4,41.5,6.0,10.73,3.12,3.03,8.0,8.25,5.1
203473,Dewayne Dedmon,2013,C,82.0,238.8,32.5,8.0,12.75,3.4,3.26,9.0,11.0,8.35
101145,Monta Ellis,2005,SG-PG,74.25,176.6,31.5,0.0,12.13,3.31,,,,
203904,Xavier Thames,2014,PG,74.25,187.0,32.5,,11.48,3.48,3.02,8.25,9.0,6.4
2064,Khalid El-Amin,2000,PG,69.0,200.0,32.0,6.0,10.59,3.32,,,,
203079,Dion Waiters,2012,SG,74.5,221.0,,,,,,8.5,9.5,8.5
12005,Misan Nikagbatse,2004,SG-PG,75.5,223.0,32.5,11.0,11.27,3.32,,,,12.9
203318,Glen Rice,2013,SF-SG,76.5,210.8,40.5,10.0,10.99,3.25,3.08,8.5,9.0,8.45
202723,Malcolm Lee,2011,SG,76.0,198.2,35.5,17.0,11.2,3.09,,8.5,9.5,5.9
203901,Elfrid Payton,2014,PG,74.5,185.4,35.5,,11.06,3.23,2.92,8.75,9.0,5.65
200840,Chris McCray,2006,SG,75.0,187.0,39.0,1.0,11.46,3.34,,,,9.6
201147,Corey Brewer,2007,SF-SG,78.0,185.0,36.5,11.0,11.69,3.22,,,,4.2
1628404,Josh Hart,2017,SG-SF,75.75,209.2,35.5,9.0,11.15,3.18,3.02,8.5,9.5,5.8
2546,Carmelo Anthony,2003,SF,78.25,233.0,33.5,7.0,11.4,3.15,,,,8.0
203468,CJ McCollum,2013,PG-SG,74.25,197.0,38.5,13.0,11.02,3.32,2.91,8.0,9.5,8.6
12036,Gyasi Cline-Heard,2001,PF,78.25,231.0,34.5,11.0,11.4,3.23,,,,8.0
12149,Damon Reed,2000,PF-C,80.5,228.0,31.5,4.0,11.21,3.31,,,,
1629118,Thomas Welsh,2017,PF-C,83.5,254.0,,11.0,,,,9.0,10.5,10.9
1628972,Troy Brown,2018,SF,77.75,208.0,33.0,5.0,11.51,3.33,3.29,9.0,9.75,7.05
202707,JaJuan Johnson,2011,PF,81.0,219.8,38.0,15.0,11.21,3.14,,9.0,10.0,7.5
2557,Luke Ridnour,2003,PG,73.0,167.0,32.5,0.0,11.0,3.28,,,,5.3
201589,Darrell Arthur,2008,PF,79.5,216.0,30.0,12.0,12.18,3.14,,,,7.3
12441,Jamie Skeen,2011,PF,78.5,241.6,30.5,10.0,12.43,3.46,,8.5,8.5,9.8
1627751,Jakob Poeltl,2016,C,84.25,239.0,,,,,,9.25,10.25,5.8
201612,Malik Hairston,2008,SG,76.25,204.0,38.0,13.0,11.33,3.08,,,,6.9
203459,Allen Crabbe,2013,SG,77.25,197.4,36.0,10.0,10.67,3.32,3.1,8.25,8.5,4.65
12409,James Fredette,2011,PG,72.75,196.0,33.0,14.0,10.42,3.21,,8.0,8.5,7.7
1629642,Nassir Little,2019,SF,76.5,224.2,38.5,5.0,12.15,3.24,3.1,8.75,10.0,5.9
12189,Matt Haryasz,2006,PF-C,81.75,219.0,31.5,10.0,11.34,3.46,,,,9.8
203158,Kevin Jones,2012,PF,78.25,251.2,32.5,17.0,11.94,3.6,,9.0,7.75,11.2
12112,Jared Homan,2005,C-PF,79.75,248.2,,16.0,,,,,,
12241,Takais Brown,2008,PF,79.25,252.0,31.0,22.0,12.47,3.25,,,,9.2
2782,Matt Freije,2004,SF-PF,80.25,234.0,31.0,13.0,11.15,3.25,,,,10.8
201152,Thaddeus Young,2007,SF,77.75,210.0,37.0,13.0,11.06,3.19,,,,4.9
12155,Andre Hutson,2001,PF,80.25,244.0,32.5,17.0,11.25,3.3,,,,11.7
12524,Will Clyburn,2013,SF-SG,77.75,210.4,34.5,3.0,11.68,3.38,3.12,9.25,10.25,6.85
203932,Aaron Gordon,2014,PF,79.5,220.1,39.0,,10.81,3.27,2.76,8.75,10.5,5.05
201588,George Hill,2008,PG,73.25,181.0,37.5,9.0,12.2,3.07,,,,3.0
12243,Jamar Butler,2008,PG,72.25,182.0,,15.0,,,,,,6.0
12083,Sam Hoskin,2003,PF,79.25,261.0,,24.0,,,,,,
2866,Jackie Butler,2004,C,80.0,263.0,25.0,14.0,13.32,3.4,,,,16.3
2762,Peter Ramos,2004,C,85.75,266.0,26.5,2.0,12.61,3.6,,,,6.7
2545,Darko Milicic,2003,PF,83.5,250.0,32.5,13.0,11.3,3.36,,,,8.0
101185,Rawle Marshall,2005,SG-SF,76.5,186.6,37.0,7.0,11.64,3.21,,,,
1626156,D?Angelo Russell,2015,PG-SG,75.25,193.4,,,,,,8.75,9.75,8.3
-1,Blake Schilb,2006,PG-SG,77.25,209.0,34.5,13.0,11.25,3.43,,,,11.3
1626158,Richaun Holmes,2015,PF,80.25,242.8,36.0,15.0,11.24,3.32,3.31,8.5,8.5,8.8
201970,Sam Young,2009,SF-SG,77.25,222.8,33.0,,11.47,3.45,,,,4.9
201863,Kentrell Gransberry,2008,C,78.75,290.0,27.5,18.0,12.16,3.32,,,,17.4
203115,Will Barton,2012,SG-SF,77.0,174.4,34.0,0.0,12.5,3.6,,9.0,9.5,4.1
1629603,Mamadi Diakite,2020,PF,80.5,222.1,37.0,,11.95,3.16,2.71,9.0,10.25,7.83
12188,Dan Grunfeld,2006,SF-SG,76.75,216.0,33.5,16.0,11.3,3.46,,,,10.4
202342,Craig Brackins,2010,PF-SF,80.5,229.0,35.0,6.0,11.65,3.39,,9.5,11.25,7.9
203510,Pierre Jackson,2013,PG,69.5,176.0,,,,,,7.5,8.25,4.5
2416,Kareem Rush,2002,SG-SF,76.75,199.0,30.0,15.0,11.86,3.22,,,,
201592,J.R. Giddens,2008,SG,76.0,208.0,,10.0,,,,,,5.4
203502,Tony Mitchell,2013,PF-SF,79.5,236.4,38.0,13.0,11.82,3.52,3.25,9.0,10.0,5.55
1629665,Jalen Lecque,2019,PG,74.5,185.2,43.0,1.0,11.09,3.29,3.3,8.75,8.5,4.0
203924,Jerami Grant,2014,SF,78.5,214.0,,,,,,9.25,9.25,3.75
200749,Shelden Williams,2006,PF-C,79.5,258.0,33.5,25.0,11.53,3.59,,,,11.4
2111,Jimmie Hunter,2000,SG-PG,75.0,170.0,36.0,0.0,11.23,3.35,,,,
12042,Chris Christoffersen,2002,C,84.75,291.0,31.0,13.0,12.55,3.39,,,,
1628432,Davon Reed,2017,SG-SF,76.5,206.2,36.0,12.0,11.37,3.34,3.21,9.25,9.5,6.5
1629634,Brandon Clarke,2019,SF,79.25,207.2,40.5,10.0,10.61,3.15,3.05,8.25,9.5,4.9
12094,Ugonna Okyekwe,2003,SF,79.25,228.0,36.5,8.0,11.43,3.2,,,,4.3
2245,Damone Brown,2001,SF,80.25,202.0,37.0,6.0,11.81,3.27,,,,6.7
12206,Craig Bradshaw,2007,PF,80.0,240.0,28.0,12.0,11.88,3.54,,,,12.1
12018,Vassil Evtimov,2000,PF,81.75,262.0,28.5,13.0,11.75,3.52,,,,
2260,Jarron Collins,2001,C-PF,81.25,252.0,29.0,10.0,11.65,3.6,,,,15.2
101224,Deji Akindele,2005,C-PF,81.5,236.4,32.5,13.0,12.58,3.35,,,,
101198,Will Bynum,2005,PG-SG,70.5,188.8,40.5,15.0,11.12,3.0,,,,
201814,Gary Forbes,2008,SG,76.5,220.5,33.5,13.0,11.45,3.25,,,,6.5
1629662,Mfiondu Kabengele,2019,PF,80.75,256.2,35.5,6.0,11.21,3.25,3.3,9.25,10.75,5.1
101232,Roger Powell,2005,SF,76.75,218.6,,,,,,,,
2784,Luis Flores,2004,PG-SG,72.5,202.0,32.0,15.0,10.97,3.1,,,,6.0
203494,Richard Howell,2013,PF,78.25,249.6,,,,,,8.75,9.5,8.75
202354,Dexter Pittman,2010,PF-C,81.5,302.6,,,,,,10.25,10.5,20.8
1626161,Willie Cauley-Stein,2015,C,83.25,242.4,,,,,,9.5,9.0,6.3
201951,Ty Lawson,2009,PG,71.25,196.6,36.5,14.0,10.98,3.12,,,,6.6
1627787,Kyle Wiltjer,2016,PF,80.75,242.8,35.5,,11.35,3.48,3.04,8.25,9.5,15.25
202695,Kawhi Leonard,2011,SF,78.0,227.4,32.0,3.0,11.45,3.15,,9.75,11.25,5.4
1629677,Luka Samanic,2019,PF,81.5,227.2,38.0,7.0,11.01,3.27,3.03,8.5,9.0,5.6
203105,Festus Ezeli,2012,C-PF,81.75,264.2,33.5,18.0,12.35,3.29,,9.0,10.75,5.5
1628399,Tyler Lydon,2017,PF,80.25,215.0,33.5,1.0,11.68,3.46,2.81,8.75,8.75,13.6
203509,Myck Kabongo,2013,PG,73.25,180.4,33.5,2.0,10.64,3.44,2.86,8.25,9.0,6.0
2201,Eddy Curry,2001,C,82.5,301.0,31.0,16.0,12.25,3.53,,,,16.5
1630205,Lamar Stevens,2020,SF-PF,77.75,228.0,41.0,,10.35,3.2,2.54,8.5,9.75,6.8
2081,Ernest Brown,2000,C,82.0,222.5,,2.0,,,,,,
12070,Cordell Henry,2002,PG,68.0,155.0,37.5,1.0,11.3,3.04,,,,
201812,Keith Brumbaugh,2008,SF-PF,79.5,190.0,27.0,2.0,11.65,3.28,,,,4.0
200779,Steve Novak,2006,SF,80.0,216.0,31.0,5.0,11.11,3.37,,,,8.1
203524,Solomon Hill,2013,SF,77.5,226.0,37.5,14.0,10.77,3.19,2.91,9.0,10.5,7.6
12118,Drago Pasalic,2005,SF-PF,81.5,238.8,30.5,11.0,12.12,3.48,,,,
200750,Brandon Roy,2006,SG-SF,77.25,207.0,40.5,6.0,11.13,3.27,,,,7.6
203523,BJ Young,2013,SG-PG,74.25,178.8,,,,,,8.5,9.5,4.7
202728,Keith Benson,2011,C-PF,82.0,217.0,36.0,12.0,11.88,3.35,,9.5,11.0,6.1
203487,Michael Carter-Williams,2013,PG,76.75,184.4,41.0,8.0,10.68,3.22,3.7,7.5,8.5,4.4
203925,Joe Harris,2014,SG,76.75,215.0,33.5,,11.11,3.31,2.92,8.5,9.75,6.2
201028,Curtis Stinson,2006,SG,73.75,208.0,31.5,17.0,10.95,3.27,,,,6.0
1628396,Tony Bradley,2017,C,81.25,248.8,27.5,5.0,11.79,3.44,2.99,9.5,9.5,12.0
2210,Richard Jefferson,2001,SF,79.25,223.0,38.5,14.0,11.19,3.15,,,,6.7
203497,Rudy Gobert,2013,C,84.5,237.6,29.0,7.0,12.85,3.57,3.19,9.75,10.0,4.4
1626182,Jonathan Holmes,2015,PF-SF,80.25,242.2,31.0,,10.95,3.51,3.12,8.25,9.5,7.2
1628414,Sindarius Thornwell,2017,SG-SF,75.5,211.6,30.5,15.0,11.48,3.36,3.03,8.75,8.75,7.8
2766,Antonio Burks,2004,PG,72.0,191.0,,9.0,,,,,,9.9
101125,Julius Hodge,2005,SG-SF,78.0,202.2,29.0,14.0,10.89,3.18,,,,
203183,Tony Mitchell,2012,SG,77.25,216.4,40.0,14.0,11.72,3.47,,8.5,10.0,5.7
200761,Shawne Williams,2006,SF-PF,79.25,227.0,31.0,,10.69,3.3,,,,8.0
1626183,Branden Dawson,2015,PF,77.5,230.2,34.5,12.0,12.22,3.2,3.53,9.0,8.75,5.8
201575,Brandon Rush,2005,SG-SF,77.0,211.4,35.0,0.0,11.33,3.31,,,,
2228,Alton Ford,2001,PF,80.25,271.0,36.5,21.0,11.7,3.16,,,,8.0
12147,Matthew Nielsen,2000,PF,81.0,223.0,29.0,3.0,11.28,3.35,,,,
1628419,Cameron Oliver,2017,PF,79.0,238.6,39.5,5.0,12.17,3.16,3.31,9.5,10.25,7.7
101213,Sharrod Ford,2005,PF,79.25,212.8,37.0,9.0,11.92,3.2,,,,
2730,Dwight Howard,2004,PF-C,81.0,240.0,35.5,7.0,11.21,3.14,,,,10.5
200748,Tyrus Thomas,2006,PF-SF,79.25,217.0,39.5,8.0,11.36,3.2,,,,5.6
2439,Sam Clancy,2001,PF,78.25,242.0,34.0,15.0,11.47,3.13,,,,8.0
101219,Anthony Grundy,2002,PG-SG,72.75,167.0,32.0,0.0,11.1,3.39,,,,
12290,Chris Burgess,2002,C,82.0,246.0,31.0,24.0,11.58,3.37,,,,
12037,Tate Decker,2001,SF,81.25,218.0,28.5,13.0,12.19,3.47,,,,13.6
203119,Kim English,2012,SG,76.5,192.0,36.5,,10.59,3.33,,8.5,8.75,4.3
2756,Sasha Vujacic,2003,PG-SG,77.5,193.0,,0.0,,,,,,14.1
12160,Mike Mardesich,2001,C-PF,82.25,247.0,30.0,8.0,11.65,3.45,,,,13.6
202709,Cory Joseph,2011,PG,74.0,186.2,35.0,5.0,10.75,3.27,,8.5,10.5,9.7
12287,Lee Benson,2002,SF-PF,80.25,217.0,32.5,14.0,11.44,3.29,,,,
1626188,Quinn Cook,2015,PG,72.25,179.0,31.0,14.0,11.44,3.38,3.41,7.5,8.75,6.7
12091,Will McDonald,2003,C-PF,81.5,258.0,32.5,17.0,11.83,3.42,,,,13.6
2124,Malik Allen,2000,PF-C,80.25,271.0,29.0,13.0,11.83,3.38,,,,
1629005,Malik Newman,2018,SG,74.5,189.2,33.5,,10.9,3.13,3.18,8.5,9.5,6.25
202692,Alec Burks,2011,SG,77.0,192.6,36.0,5.0,10.96,3.17,,9.0,8.25,5.1
1629015,Zhaire Smith,2018,SF-SG,74.75,198.6,41.5,10.0,11.02,3.05,3.15,8.75,8.25,6.05
1627752,Taurean Prince,2016,SF,78.5,220.2,36.0,,10.96,3.24,2.8,9.0,8.5,6.45
12039,Anthony Evans,2001,PF,78.0,267.0,33.0,18.0,12.56,3.31,,,,12.9
1628975,Jevon Carter,2018,PG,72.25,196.2,36.5,14.0,11.04,3.18,3.05,9.25,8.5,4.15
201945,Gerald Henderson,2009,SG-SF,76.0,214.6,35.0,8.0,11.17,3.14,,,,4.4
1628383,Justin Patton,2017,C,82.0,229.0,30.5,,11.8,3.46,3.31,8.75,9.75,7.8
1626208,Keifer Sykes,2015,PG,70.5,167.2,43.0,8.0,10.47,3.13,3.15,8.5,9.5,5.0
1626159,Justise Winslow,2015,SF,76.5,221.8,,,,,,8.5,9.25,5.3
201977,Marcus Thornton,2009,SG,74.75,194.4,33.0,14.0,10.73,3.28,,,,4.8
203929,Melvin Ejim,2014,SF,77.25,218.5,35.0,,11.55,3.14,3.12,8.75,9.25,6.45
201848,Longar Longar,2008,C,81.0,212.5,,14.0,,,,,,10.6
2211,Troy Murphy,2001,PF,81.75,230.0,34.5,11.0,11.22,3.43,,,,11.7
12507,Jordan Taylor,2012,PG,73.0,192.8,36.5,14.0,10.57,3.19,,8.25,9.5,5.5
2618,Marcus Hatten,2003,PG,72.75,163.0,37.5,7.0,11.5,3.15,,,,4.0
200811,Lou Amundson,2006,PF,79.2,221.0,35.5,14.0,10.58,3.2,,,,6.8
200783,Craig Smith,2006,PF,77.5,259.0,29.5,,11.59,3.4,,,,12.2
1629700,Kaleb Wesson,2020,C,81.25,252.6,27.0,,11.73,3.6,2.64,9.0,10.75,12.5
1627827,Dorian Finney-Smith,2016,SF,78.5,212.6,35.5,,11.01,3.27,3.04,9.0,9.75,6.45
1628977,Hamidou Diallo,2018,SG,76.25,197.0,40.5,1.0,10.53,3.1,3.14,8.75,9.0,4.45
201629,Othello Hunter,2008,PF-SF,78.5,220.0,34.5,7.0,11.51,3.18,,,,6.4
2432,Tito Maddox,2002,PG,75.0,200.0,32.5,0.0,12.2,3.24,,,,
202333,Xavier Henry,2010,SG,77.25,210.2,36.5,8.0,11.1,3.18,,8.75,10.0,4.7
201601,Luc Mbah a Moute,2008,SF,77.75,221.0,38.5,11.0,11.71,3.17,,,,7.0
1629037,Keenan Evans,2018,PG,73.5,183.2,,,,,,8.5,8.0,6.5
101114,Deron Williams,2005,PG,73.75,202.4,35.0,15.0,10.83,3.25,,,,
12104,Nemanja Aleksandrov,2005,PF-SF,82.0,220.6,,5.0,,,,,,
2731,Emeka Okafor,2004,C-PF,80.75,257.0,34.0,22.0,12.32,3.15,,,,5.3
2241,Omar Cook,2001,PG,71.5,189.0,35.5,9.0,10.77,3.2,,,,5.5
2224,Jamaal Tinsley,2001,PG,72.75,199.0,37.5,1.0,11.96,3.2,,,,13.6
1628378,Donovan Mitchell,2017,SG,73.25,211.4,40.5,10.0,11.53,3.01,3.07,8.5,9.5,5.9
203478,Jackie Carmichael,2013,PF,79.5,241.2,32.0,13.0,11.83,3.35,3.07,9.0,10.25,5.8
1628992,Justin Jackson,2018,PF,78.0,229.4,,,,,,9.0,9.5,8.9
23033,Michael Southhall,2006,C,81.5,241.0,37.0,2.0,12.29,3.51,,,,7.9
2696,Lynn Greer,2002,PG,72.25,170.0,36.5,12.0,11.24,3.16,,,,
12270,Richard Roby,2008,SG-SF,76.25,203.0,,,,,,,,9.2
203102,Arnett Moultrie,2012,PF,81.5,232.8,37.5,10.0,11.32,3.22,,9.25,9.25,7.7
1629004,Svi Mykhailiuk,2017,SG-SF,78.5,219.6,33.0,8.0,12.4,3.53,3.25,8.0,9.25,11.4
12093,Uche Nsonwu-Amadi,2003,PF-C,79.75,246.0,29.0,21.0,11.83,3.25,,,,6.0
101155,Ryan Gomes,2004,SF-PF,78.5,248.0,30.5,9.0,12.49,3.24,,,,
1626172,Kevon Looney,2015,PF,80.0,222.4,,,,,,9.5,9.25,11.9
2602,Jerome Beasley,2003,SF-PF,81.0,237.0,32.0,10.0,11.36,3.25,,,,9.9
1629013,Landry Shamet,2018,PG,76.0,188.6,39.5,8.0,11.26,3.11,3.21,8.0,9.0,4.85
203491,Peyton Siva,2013,PG,71.5,180.6,41.5,15.0,10.59,3.16,2.93,8.0,9.75,6.05
201975,Jodie Meeks,2009,SG,75.0,211.4,37.0,14.0,10.96,3.1,,,,8.0
12194,Carl Krauser,2006,PG,71.75,190.0,31.0,8.0,11.62,3.38,,,,8.0
201613,Richard Hendrix,2008,PF,78.75,250.0,28.0,13.0,10.62,3.27,,,,9.2
1628417,Jaron Blossomgame,2016,SF,78.25,213.6,41.0,,11.53,3.2,3.26,8.5,10.0,5.25
1627791,Ben Bentil,2016,PF,79.25,229.2,33.0,,11.16,3.3,3.1,9.5,10.0,9.7
203515,Phil Pressey,2013,PG,69.5,177.0,38.5,7.0,10.86,3.13,3.02,7.75,9.75,4.7
2575,Luke Walton,2003,SF-PF,79.75,235.0,,12.0,,,,,,9.3
201969,DaJuan Summers,2009,SF,79.25,243.0,34.5,15.0,10.94,3.17,,,,6.6
203108,Bernard James,2012,PF,80.75,229.8,32.5,6.0,11.84,3.4,,9.0,9.25,5.0
12145,Brian Montonati,2000,PF,80.75,215.0,29.0,5.0,11.85,3.53,,,,
201933,Blake Griffin,2009,PF,80.5,248.4,35.5,22.0,10.95,3.28,,,,8.2
12255,Jiri Hubalek,2008,C-PF,81.5,226.0,26.0,2.0,12.26,3.54,,,,8.8
101134,Wayne Simien,2005,PF,79.25,255.8,27.5,11.0,11.05,3.35,,,,
202336,Larry Sanders,2010,PF-C,81.25,222.4,28.0,7.0,12.49,3.27,,9.75,11.0,4.6
202719,Jeremy Tyler,2011,PF-C,81.0,262.4,33.5,10.0,11.26,3.29,,9.25,9.0,13.4
203918,Rodney Hood,2014,SF,79.25,208.2,36.0,,11.21,3.38,3.14,8.5,8.5,7.45
12157,Darrell Johns,2001,C,83.25,278.0,30.0,18.0,12.41,3.59,,,,19.1
1628999,Yante Maten,2018,PF-C,79.25,246.2,31.5,18.0,11.35,3.17,3.13,9.25,10.0,8.1
203485,Lorenzo Brown,2013,PG,76.0,189.2,34.0,8.0,11.78,3.4,3.24,8.25,8.5,3.95
12090,Chris Massie,2003,PF-C,78.5,259.0,33.0,13.0,12.48,3.22,,,,14.8
201195,Herbert Hill,2007,C,79.0,232.0,34.0,15.0,12.31,3.39,,,,5.6
203957,Dante Exum,2014,SG,76.5,196.3,34.5,,10.75,3.19,2.88,8.5,9.5,6.4
203900,Markel Brown,2014,SG,74.5,184.4,43.5,,12.62,3.18,2.9,8.25,9.75,4.2
2407,Jared Jeffries,2002,PF,82.0,230.0,30.0,9.0,11.73,3.4,,,,
2425,Robert Archibald,2002,PF-C,82.0,250.0,27.5,10.0,11.34,3.33,,,,
201603,Sonny Weems,2008,SG-SF,76.0,193.0,36.5,12.0,10.58,2.96,,,,4.4
203897,Zach LaVine,2014,PG,76.5,180.9,41.5,,10.42,3.19,2.8,8.25,8.75,4.7
12008,Rickey Paulding,2004,SG,74.75,210.0,36.0,17.0,11.14,3.17,,,,5.3
201614,DeVon Hardin,2008,C-PF,81.5,235.0,32.0,20.0,11.49,3.33,,,,5.8
200818,Justin Williams,2006,C-PF,79.25,211.0,31.5,7.0,11.9,3.31,,,,6.5
201145,Jeff Green,2007,SF,79.0,228.0,38.0,17.0,12.0,3.34,,,,3.7
202739,Jon Diebler,2011,SG,77.25,196.6,35.0,2.0,10.94,3.37,,8.25,8.25,8.5
1629639,Tyler Herro,2019,SG,76.5,192.4,,,,,,8.0,8.75,7.1
12007,Dylan Page,2004,SF,79.5,239.0,30.0,17.0,10.99,3.4,,,,12.3
12135,Ceedric Goodwyn,2000,SF-PF,78.0,238.0,,,,,,,,
202349,Greivis Vasquez,2010,PG-SG,77.0,210.8,,,,,,7.75,9.25,8.6
1628970,Miles Bridges,2018,SF,77.25,220.4,,,,,,9.0,9.75,5.9
1629632,Coby White,2019,PG,75.5,191.4,,,,,,7.75,9.0,4.3
200810,Allan Ray,2006,SG,73.0,204.0,35.5,9.0,11.01,3.2,,,,9.8
203085,Austin Rivers,2012,SG-PG,75.5,202.8,37.5,1.0,11.54,3.32,,8.5,10.0,6.2
201599,DeAndre Jordan,2008,C,81.75,250.0,30.5,8.0,12.3,3.27,,,,7.5
203945,Alex Kirk,2014,PF,81.25,252.0,31.5,,11.2,3.48,3.19,9.25,10.5,13.6
203899,Kendall Williams,2014,PG,74.25,183.0,33.0,,10.83,,2.85,8.0,7.75,7.2
2220,Brandon Armstrong,2001,SG,75.5,188.0,37.0,6.0,10.91,3.2,,,,9.3
203935,Marcus Smart,2014,PG,74.0,227.2,36.0,,10.82,3.26,2.96,9.0,8.75,10.55
12049,Jason Jennings,2002,C,83.25,249.0,32.0,8.0,11.92,3.62,,,,
12165,Demetrius Porter,2001,PG,70.75,178.0,31.0,5.0,11.5,3.34,,,,12.4
2458,Luke Recker,2002,SG-SF,76.75,198.0,31.0,13.0,10.78,3.27,,,,
12174,Tim Bowers,2004,PG-SG,72.5,181.0,43.5,13.0,11.24,3.21,,,,2.6
1629076,Tyler Cook,2019,PF,79.25,245.4,32.0,11.0,11.32,3.28,3.1,9.5,10.75,6.1
1630233,Nathan Knight,2020,PF-C,80.0,235.0,31.5,,11.56,3.31,2.96,9.0,9.5,8.2
200755,JJ Redick,2006,SG,76.0,190.0,33.0,6.0,10.94,3.29,,,,7.0
1628391,D.J. Wilson,2017,PF,80.75,234.4,,,,,,9.25,10.25,6.4
201563,Michael Beasley,2008,PF-SF,79.0,239.0,35.0,19.0,11.06,3.24,,,,7.7
203903,Jordan Clarkson,2014,PG,75.25,186.3,38.5,,10.76,3.28,2.98,8.25,9.0,4.3
1628409,Alec Peters,2017,PF,79.25,232.0,,,,,,8.75,10.0,8.8
200859,Paul Miller,2006,PF-C,80.5,251.0,35.5,25.0,12.25,3.66,,,,13.8
201196,Ramon Sessions,2007,PG,74.0,185.0,33.5,8.0,11.65,3.27,,,,6.2
12245,Joe Crawford,2008,SG,75.0,213.0,36.0,13.0,11.67,3.22,,,,7.6
201959,Taj Gibson,2009,PF,80.5,214.4,30.0,12.0,11.56,3.41,,,,6.6
201628,Bobby Brown,2007,PG,71.0,170.0,41.0,3.0,11.27,3.25,,,,6.6
2256,Ken Johnson,2001,C,82.75,227.0,35.0,13.0,11.27,3.12,,,,9.9
12445,Malcolm Thomas,2011,PF,79.5,223.0,36.5,3.0,11.31,3.29,,9.5,10.5,5.9
2083,Cory Hightower,2000,SG-SF,77.5,183.0,34.5,0.0,11.92,3.37,,,,
1629648,Jordan Bone,2019,SG,73.5,179.0,42.5,7.0,9.97,3.08,2.78,7.5,9.25,5.0
1626160,J.P. Tokoto,2015,SF-SG,77.25,195.8,40.0,12.0,10.97,3.27,3.2,8.0,8.75,4.1
12218,Ekene Ibekwe,2007,PF,80.0,208.0,39.0,10.0,11.0,3.28,,,,3.2
12195,Yemi Nicholson,2006,PF-C,79.75,258.0,26.0,8.0,12.57,3.65,,,,17.2
12079,Jason Gardner,2003,PG,69.75,194.0,35.0,10.0,10.62,3.17,,,,9.3
203513,Erik Murphy,2013,PF,80.75,239.8,29.5,13.0,12.19,3.57,2.96,8.75,9.75,7.95
202713,Kyle Singler,2011,SF,79.5,228.0,30.0,10.0,11.22,3.21,,8.25,8.75,10.0
203121,Darius Miller,2012,SF-SG,78.0,233.4,37.0,14.0,11.34,3.31,,8.5,8.75,7.5
12177,Marcus Douthit,2004,C-PF,81.5,223.0,31.5,1.0,11.64,3.34,,,,13.7
203117,Doron Lamb,2012,SG-PG,75.25,199.4,33.5,2.0,11.12,3.41,,8.5,8.75,6.7
203081,Damian Lillard,2012,PG,73.75,188.8,39.5,13.0,11.15,3.34,,8.75,9.75,5.9
2754,Tony Allen,2004,SG,75.5,214.0,36.5,17.0,10.7,3.19,,,,6.7
2863,Damien Wilkins,2004,SG-SF,76.5,222.0,31.0,15.0,11.92,3.15,,,,7.3
12078,Marquis Estill,2003,PF-C,80.5,257.0,36.0,7.0,12.92,3.31,,,,11.7
1628381,John Collins,2017,PF,80.25,225.2,37.5,15.0,11.66,3.27,3.27,9.0,10.0,5.4
12208,Ryvon Covile,2007,C-PF,79.0,250.0,30.5,19.0,12.52,3.37,,,,8.0
12144,Brandon Kurtz,2000,PF-C,81.5,257.0,,7.0,,,,,,
1629065,Ky Bowman,2019,PG,73.0,181.2,33.0,4.0,11.11,3.26,3.11,8.25,9.0,4.9
1630177,Theo Maledon,2020,PG,76.0,187.4,,,,,,8.5,10.0,2.8
1626227,Tyler Harvey,2015,SG,74.75,181.4,28.5,1.0,10.56,3.44,2.93,7.75,8.75,9.2
1626171,Bobby Portis,2015,PF,81.5,246.2,31.5,5.0,11.78,3.56,3.28,9.5,9.25,8.9
12088,Bernard King,2003,SG-PG,75.75,200.0,33.5,11.0,11.37,3.18,,,,12.9
203477,Isaiah Canaan,2013,PG,71.0,188.4,40.5,16.0,10.98,3.22,2.89,8.25,9.5,5.9
1628998,Cody Martin,2019,PG-SG,76.75,192.2,35.5,7.0,10.44,3.32,2.99,8.25,9.0,5.0
2740,Andris Biedrins,2004,C,,,,,,,,,,9.3
201197,Sammy Mejia,2007,SG,77.0,218.0,31.5,7.0,11.87,3.49,,,,8.3
2550,Kirk Hinrich,2003,PG-SG,74.75,186.0,33.5,10.0,10.98,3.1,,,,5.3
2824,Desmon Farmer,2004,SG,76.5,214.0,31.0,12.0,10.89,3.2,,,,5.3
1629017,Khyri Thomas,2018,SG,74.5,198.8,35.0,14.0,10.96,3.18,3.18,8.75,9.25,6.4
12085,Michael Ignerski,2003,PF-SF,81.5,232.0,33.0,10.0,11.21,3.13,,,,10.5
1630223,Jalen Harris,2020,SG,74.75,193.4,42.5,,10.59,3.11,2.49,8.25,9.5,4.4
201947,Earl Clark,2009,SF-PF,80.5,228.4,33.0,5.0,11.17,3.35,,,,5.2
200752,Rudy Gay,2006,SF-PF,79.0,222.0,40.5,9.0,11.03,3.32,,,,5.7
1628962,Udoka Azubuike,2020,C,82.0,259.5,41.0,,11.82,3.23,3.61,9.25,10.0,9.61
1626184,Chasson Randle,2015,PG,72.25,178.8,39.5,6.0,10.63,3.2,2.81,8.5,9.5,4.5
12275,Dionte Christmas,2009,SG,76.25,210.8,33.5,3.0,10.83,3.21,,,,7.1
12224,Brad Newley,2007,SG,77.0,201.0,31.5,3.0,11.77,3.29,,,,8.0
1629044,Shamorie Ponds,2019,PG,71.5,180.0,37.0,0.0,11.01,3.2,3.07,7.75,8.0,9.8
201146,Jianlian Yi,2007,,,,,,,,,,,
101128,Francisco Garcia,2005,SF-SG,77.75,189.6,31.5,5.0,10.63,3.33,,,,
202716,Jordan Williams,2011,PF,79.75,247.2,30.5,10.0,12.74,3.45,,9.25,10.0,12.1
12106,Marcus Campbell,2005,C,82.25,280.4,,9.0,,,,,,
201160,Jason Smith,2007,PF,82.75,233.0,37.5,15.0,10.96,3.29,,,,7.5
1627770,Kay Felder,2016,PG,68.25,177.2,44.0,,11.52,3.15,2.9,8.25,8.5,5.8
2588,Matt Bonner,2003,PF-SF,80.5,242.0,32.0,20.0,11.52,3.32,,,,13.6
101113,Ike Diogu,2005,PF,78.5,255.4,31.0,21.0,11.94,3.45,,,,
12025,Karim Shabazz,2000,C,83.5,224.0,28.0,2.0,12.72,3.36,,,,
12084,Sani Ibrahim,2003,C-PF,80.5,229.0,30.5,12.0,13.02,3.4,,,,9.3
2254,Loren Woods,2001,C-PF,84.75,246.0,28.0,10.0,11.83,3.48,,,,9.3
1627760,Cat Barber,2016,PG,73.5,173.0,,,,,,8.0,8.5,4.5
2067,Eddie House,2000,SG-PG,71.75,176.5,38.5,5.0,11.12,3.27,,,,
12272,Bryce Taylor,2008,SG,74.75,210.0,41.0,16.0,11.08,3.19,,,,8.3
1627737,Marquese Chriss,2016,PF,80.75,233.0,38.5,,11.93,3.26,3.05,9.0,9.0,8.5
101126,Nate Robinson,2004,PG,67.75,181.0,43.5,13.0,10.75,2.96,,,,6.7
1630216,Cassius Winston,2020,PG,72.5,196.0,28.0,,11.15,3.61,2.74,8.75,8.25,9.0
201939,Stephen Curry,2009,PG-SG,74.0,181.0,35.5,10.0,11.07,3.28,,,,5.7
203118,Mike Scott,2012,PF,79.25,240.8,32.5,14.0,11.59,3.44,,8.5,9.0,10.6
2823,John Edwards,2004,C,83.25,264.0,,15.0,,,,,,14.1
1627763,Malcolm Brogdon,2016,SG,75.75,223.0,35.5,,10.77,3.31,2.64,9.0,10.25,5.4
2250,Bobby Simmons,2001,SF,78.25,235.0,34.0,12.0,11.69,3.41,,,,6.7
12267,Shaun Pruitt,2008,C-PF,80.25,242.2,32.5,10.0,11.3,3.4,,,,13.8
202720,Jon Leuer,2011,PF,82.0,223.2,36.5,14.0,10.82,3.36,,8.75,9.75,5.4
12233,Ali Traore,2007,C-PF,80.75,249.0,29.0,11.0,12.16,3.52,,,,12.1
1627748,Thon Maker,2016,PF,83.75,216.0,36.5,,11.15,3.33,3.09,8.75,9.5,6.05
202734,E'Twaun Moore,2011,SG,74.5,191.4,34.5,,11.12,3.31,,9.0,10.0,7.6
12201,Ian Vouyoukas,2006,C-PF,80.5,267.0,28.0,8.0,13.7,3.72,,,,14.8
12203,Eric Williams,2006,C-PF,79.25,285.0,29.0,17.0,11.71,3.56,,,,13.0
201872,Mark Tyndale,2008,SG-SF,74.75,217.0,33.5,5.0,12.52,3.14,,,,6.7
12024,Matt Santangelo,2000,PG,72.0,177.0,43.0,12.0,10.66,3.06,,,,
203505,Vander Blue,2013,SG,75.5,197.4,37.5,4.0,10.4,3.14,2.7,8.5,9.5,4.6
1626192,Pat Connaughton,2015,SG,76.0,215.0,44.0,13.0,10.58,3.2,3.08,8.5,9.25,10.2
1627772,Daniel Hamilton,2016,SG-SF,78.25,197.0,29.0,,11.48,3.4,3.2,9.0,8.5,5.95
203499,Shane Larkin,2013,PG,70.25,170.8,44.0,12.0,10.64,3.08,3.03,7.5,8.75,3.8
2422,John Salmons,2002,SF-SG,77.5,207.0,34.5,12.0,11.35,3.25,,,,
2037,Jamal Crawford,2000,PG-SG,76.5,175.0,,0.0,,,,,,
203159,Scott Machado,2012,PG,73.0,205.8,32.5,17.0,11.26,3.3,,8.5,9.5,5.8
200759,Cedric Simmons,2006,PF-C,80.25,223.0,35.0,15.0,11.05,3.31,,,,5.6
202724,Charles Jenkins,2011,PG-SG,73.5,216.4,34.0,16.0,11.68,3.18,,8.5,9.0,4.3
12075,Aleksander Djuric,2003,C-PF,82.0,253.0,27.5,3.0,11.97,3.65,,,,16.3
101141,Ersan Ilyasova,2005,SF,79.75,208.8,30.0,2.0,11.59,3.56,,,,
1629682,Tremont Waters,2019,PG,69.5,172.4,40.5,5.0,10.76,3.07,3.11,8.0,9.75,6.6
203189,Tu Holloway,2012,PG,70.5,186.8,35.0,12.0,11.0,3.42,,8.75,10.0,8.5
101135,David Lee,2005,PF,79.75,229.5,32.5,14.0,10.8,3.19,,,,
12283,Jerel McNeal,2009,SG,73.5,190.4,36.5,10.0,10.61,3.25,,,,5.4
101110,Martell Webster,2005,SF,78.0,229.6,30.5,7.0,11.39,3.39,,,,
1628382,Justin Jackson (UNC),2017,SF,79.0,200.8,35.5,,10.8,3.3,3.06,8.75,9.25,8.1
203086,Meyers Leonard,2012,C,83.75,249.8,32.5,19.0,11.34,3.41,,9.25,11.0,5.7
203943,Noah Vonleh,2014,PF,80.0,247.1,37.0,,11.45,3.28,3.29,9.75,11.75,7.3
1627739,Kris Dunn,2016,PG,75.0,,,,,,,,,
1628983,Shai Gilgeous-Alexander,2018,PG,76.5,180.0,,,,,,9.0,9.0,3.0
12105,Mike Bell,2005,SF-PF,80.75,206.2,39.5,13.0,11.73,3.29,,,,
12152,Kenny Gregory,2001,SF,75.5,200.0,45.5,10.0,11.33,3.1,,,,6.7
2495,Lonnie Jones,2002,C-PF,82.25,230.0,31.5,15.0,11.8,3.33,,,,
12122,Chris Thomas,2005,PG,71.75,176.2,34.0,14.0,10.84,3.33,,,,
12062,Travis Robinson,2002,SF,77.25,211.0,33.0,3.0,11.96,3.43,,,,
1629633,Jarrett Culver,2019,SG,77.25,194.2,,,,,,8.25,8.5,5.0
12012,Blagota Sekulic,2004,SF-PF,81.25,234.0,31.5,8.0,10.93,3.39,,,,9.3
2738,Andre Iguodala,2004,SG-SF,77.75,217.0,34.5,4.0,11.17,3.18,,,,6.7
203466,CJ Leslie,2013,PF-SF,79.5,209.2,40.5,,10.19,3.1,2.79,8.75,9.0,7.95
1626193,Robert Upshaw,2015,C,82.75,258.2,,,,,,10.0,11.0,12.5
1627738,Deyonta Davis,2016,PF,81.25,237.2,,,,,,9.0,9.25,9.7
1629617,Reggie Perry,2020,PF-C,80.25,249.6,33.5,,11.26,3.25,2.57,9.25,11.0,8.4
1627755,Tyler Ulis,2016,PG,68.75,149.2,38.0,,10.8,3.2,2.88,7.5,7.5,5.2
201952,Jeff Teague,2009,PG,72.25,175.2,36.5,13.0,11.05,3.18,,,,4.5
1628384,OG Anunoby,2017,SF,78.25,232.4,,,,,,9.25,9.5,6.8
203076,Anthony Davis,2012,PF-C,81.25,221.8,,,,,,9.0,8.5,7.9
12069,Greg Harrington,2002,PG,73.0,183.0,34.0,15.0,12.06,3.32,,,,
101129,Luther Head,2005,PG-SG,74.0,178.8,38.5,14.0,11.12,3.21,,,,
1630232,Kahlil Whitney,2020,SF,77.5,205.0,39.0,,11.17,3.28,2.61,9.25,10.25,5.3
2561,David West,2003,PF-SF,80.25,226.0,31.5,11.0,12.18,3.43,,,,8.0
2776,Pape Sow,2004,PF-C,80.5,233.0,31.5,18.0,12.13,3.27,,,,9.3
1962937123,Omer Yurtseven,2017,C,82.5,248.4,31.5,6.0,12.85,3.45,3.3,9.0,10.5,7.6
2214,Michael Bradley,2001,PF,81.5,227.0,30.0,13.0,11.11,3.35,,,,9.3
202322,John Wall,2010,PG,74.75,195.6,39.0,,10.84,3.14,,8.25,9.5,5.6
203909,K.J. McDaniels,2014,SF,76.5,195.6,37.0,,12.71,3.1,3.2,8.75,9.75,4.45
1629621,Marial Shayok,2019,SF-PF,76.5,196.8,36.5,9.0,11.16,3.37,3.04,8.75,9.25,4.7
101106,Andrew Bogut,2005,C-PF,83.0,250.6,33.5,13.0,12.06,3.51,,,,
12131,Mario Bland,2000,PF,77.5,287.0,31.0,15.0,13.04,3.47,,,,
12204,Mohamed Abukar,2007,SF,80.0,210.0,35.0,15.0,11.78,3.37,,,,8.9
202324,Derrick Favors,2010,PF,80.75,245.2,35.5,14.0,11.74,3.25,,8.75,9.25,6.5
2410,Fred Jones,2002,SG,74.25,218.0,37.5,,11.12,3.13,,,,
1627759,Jaylen Brown,2016,SG-SF,77.25,222.8,,,,,,8.75,9.0,5.05
1629668,Zach Norvell Jr.,2019,SG,76.5,206.4,30.0,,11.6,3.43,3.34,8.5,9.5,7.5
101108,Chris Paul,2005,PG,71.75,178.0,38.0,10.0,11.09,3.22,,,,
12136,Marcus Goree,2000,SF-PF,79.5,239.0,33.5,13.0,12.0,3.25,,,,
12297,Jobey Thomas,2002,SG,74.75,183.0,32.0,13.0,11.46,3.3,,,,
1628994,George King,2018,SF-SG,76.75,218.6,39.0,15.0,10.75,3.29,3.08,9.0,10.25,7.25
200747,Adam Morrison,2006,SF,78.5,198.0,30.5,11.0,11.46,3.37,,,,6.8
12176,Ales Chan,2004,C,84.0,255.0,29.0,2.0,12.9,3.62,,,,14.8
12246,Chris Daniels,2008,C-PF,80.25,256.0,28.5,11.0,12.72,3.56,,,,16.1
12023,Pepe Sanchez,2000,PG,75.0,194.0,31.0,8.0,11.62,3.44,,,,
12205,Mario Boggan,2007,PF,77.0,240.0,26.5,12.0,12.18,3.45,,,,9.2
1629021,Moritz Wagner,2017,PF,82.0,231.2,32.5,,12.0,3.35,2.98,8.75,10.75,6.7
2465,George Williams,2002,PF-SF,77.75,214.0,39.0,11.0,11.21,3.24,,,,
101215,Will Conroy,2005,PG,73.0,188.6,36.5,14.0,10.51,3.28,,,,
203498,Shabazz Muhammad,2013,SF-SG,76.75,221.8,37.0,10.0,10.99,3.32,2.93,9.0,10.0,9.0
1629025,Kris Wilkes,2019,SF,78.25,208.8,35.0,4.0,10.39,3.34,3.09,8.5,9.5,4.9
2688,Brandin Knight,2003,PG,71.75,190.0,,6.0,,,,,,10.5
202712,Justin Harper,2011,PF-SF,80.0,228.0,33.0,19.0,11.92,3.3,,9.0,9.25,4.0
201566,Russell Westbrook,2008,PG,74.25,192.0,36.5,12.0,10.98,3.08,,,,4.8
202698,Chris Singleton,2011,SF,79.75,230.2,37.5,15.0,11.33,3.09,,9.25,10.0,7.4
12108,Daryl Dorsey,2005,PG,71.25,160.8,30.5,0.0,11.41,3.24,,,,
202339,Eric Bledsoe,2010,PG,72.25,191.6,,9.0,,,,8.5,9.75,5.6
12010,Omar Quintero,2004,PG,69.75,170.0,29.0,2.0,11.37,3.25,,,,14.1
202341,James Anderson,2010,SF,76.75,207.6,35.5,14.0,11.86,3.19,,8.5,7.25,7.9
101184,Deng Gai,2005,PF-C,79.75,214.0,35.5,11.0,12.51,3.27,,,,
1627743,Demetrius Jackson,2016,PG,72.0,193.8,43.5,,10.81,3.25,2.87,8.25,9.0,6.5
201978,Chase Budinger,2009,SF-SG,78.25,206.4,38.5,10.0,11.08,3.24,,,,10.0
101142,Ronny Turiaf,2005,PF,80.0,237.8,33.0,15.0,11.5,3.23,,,,
40046,Lazaros Papadopoulos,2001,C-PF,82.25,227.0,26.0,4.0,12.0,3.7,,,,11.7
1627783,Pascal Siakam,2016,PF,80.25,226.6,36.5,,11.25,3.41,3.09,9.25,10.0,5.2
2430,Carlos Boozer,2002,PF,79.75,258.0,28.5,13.0,10.77,3.31,,,,
203921,Cleanthony Early,2014,SF,78.0,209.4,40.0,,11.15,3.18,2.96,8.5,9.0,4.45
1629683,Quinndary Weatherspoon,2019,SG,75.0,206.6,38.0,,11.57,3.16,3.15,8.5,9.0,6.1
12063,Brooks Sales,2002,PF-C,81.0,232.0,29.5,13.0,11.05,3.29,,,,
1629056,Terence Davis,2019,SG,75.0,192.4,34.0,13.0,10.69,3.28,2.96,9.25,10.75,4.1
1630206,Jayden Scrubb,2020,SG-SF,77.0,185.2,,,,,,8.25,9.75,3.7
2442,Chris Owens,2002,PF-SF,79.0,237.0,,10.0,,,,,,
1628981,Bruno Fernando,2018,C,80.75,233.2,35.0,11.0,12.19,3.23,3.03,9.5,10.0,5.25
1626153,Delon Wright,2015,PG,76.25,181.4,31.0,4.0,11.16,3.29,3.5,8.0,8.5,6.6
203100,Tony Wroten,2012,PG,76.75,203.2,35.5,0.0,10.75,3.24,,8.0,9.0,5.2
200758,Ronnie Brewer,2006,SG-PG,77.75,223.0,41.0,19.0,11.32,3.14,,,,5.0
201192,Taurean Green,2007,PG,71.0,173.0,32.5,8.0,11.3,3.26,,,,4.6
1627747,Caris LeVert,2016,SG,77.75,191.0,,,,,,8.5,9.25,7.55
201938,Jonny Flynn,2009,PG,71.25,195.6,40.0,10.0,10.86,3.23,,,,6.3
1629018,Gary Trent,2018,SG,76.25,204.2,39.5,12.0,11.37,3.12,2.99,8.5,9.5,7.0
1627768,Perry Ellis,2016,PF,79.0,217.8,38.0,,10.73,3.13,3.03,8.0,8.5,4.6
2068,Lavor Postell,2000,SG,76.5,205.0,36.5,17.0,11.79,3.3,,,,
2217,Brendan Haywood,2001,C,83.75,266.0,28.5,17.0,12.87,3.5,,,,12.9
12271,Ronald Steele,2008,PG,72.25,183.5,29.5,5.0,11.08,3.26,,,,8.1
203113,Quincy Miller,2012,SF,80.75,218.7,36.0,8.0,11.05,3.48,,9.25,10.25,7.8
1629661,Cameron Johnson,2019,SG,79.0,205.2,36.5,,10.52,3.26,3.28,8.0,8.5,5.8
1630231,Kenyon Martin Jr.,2020,SF-PF,78.0,213.2,38.5,,11.93,3.16,2.58,8.5,8.75,5.9
12041,Michael Wright,2001,PF,79.0,247.0,33.5,18.0,11.37,3.21,,,,9.3
203486,Mason Plumlee,2013,C-PF,83.25,238.2,36.0,14.0,10.89,3.29,2.76,9.75,9.5,6.15
201572,Brook Lopez,2008,C,83.25,258.0,30.5,7.0,12.77,3.57,,,,6.3
203496,Robert Covington,2013,SF-PF,78.25,208.6,36.0,9.0,11.69,3.34,3.1,9.0,8.5,4.7
1627746,Skal Labissiere,2016,PF-C,82.5,215.8,,,,,,8.75,9.0,5.7
12014,Tiago Splitter,2004,C-PF,82.25,233.0,31.5,8.0,11.65,3.38,,,,5.3
12258,Joseph Jones,2008,PF,79.0,240.0,31.0,16.0,11.61,3.33,,,,12.2
203516,James Ennis,2013,SF,77.75,200.8,36.5,7.0,11.55,3.4,3.06,8.5,8.75,4.5
1628390,Terrance Ferguson,2017,SG-SF,77.5,184.4,38.0,,11.16,3.32,3.22,8.5,10.0,5.8
12092,Jeff Newton,2003,PF,80.0,199.0,34.0,9.0,11.18,3.23,,,,5.3
1626169,Stanley Johnson,2015,SF,77.0,241.8,,,,,,9.0,9.0,7.5
1629006,Josh Okogie,2018,SG,75.0,210.8,42.0,12.0,11.08,3.04,3.03,9.0,9.75,5.2
12159,Zach Marbury,2001,PG-SG,73.25,183.0,36.5,0.0,11.53,3.1,,,,6.7
1630213,Yoeli Childs,2020,PF,78.0,226.4,38.5,,10.87,3.22,2.42,8.75,10.0,8.2
101143,Travis Diener,2005,PG-SG,71.75,165.2,31.0,1.0,10.85,3.26,,,,
1629647,Darius Bazley,2019,PF,79.75,208.4,37.0,4.0,11.09,3.27,2.95,9.0,9.75,3.6
12001,Marcus Melvin,2004,SF-PF,78.75,241.0,30.5,11.0,11.81,3.33,,,,10.5
1628453,Melo Trimble,2016,PG,73.25,191.8,35.5,,10.57,3.2,2.77,8.0,8.75,8.35
101247,Keith Langford,2005,SG-SF,74.25,203.2,29.5,8.0,11.38,3.23,,,,
201949,James Johnson,2009,SF-PF,79.0,257.2,35.0,18.0,11.21,3.23,,,,12.0
1626170,Jerian Grant,2015,PG,75.25,198.0,,,,,,8.25,8.5,5.6
202694,Marcus Morris,2011,PF-SF,79.0,229.6,33.0,11.0,,3.15,,8.25,8.5,8.0
201934,Hasheem Thabeet,2009,C,85.25,267.2,,,,,,,,6.7
201935,James Harden,2009,SG,76.0,222.0,37.0,17.0,11.1,3.13,,,,10.1
203527,Ryan Kelly,2013,PF,81.75,228.0,,,,,,9.0,10.0,14.75
201971,DeJuan Blair,2009,PF,77.25,276.6,33.0,18.0,11.5,3.45,,,,12.0
1630192,Zeke Nnaji,2020,PF-C,81.25,246.8,38.0,,10.94,3.2,2.72,9.0,10.5,5.9
2436,Ronald Murray,2002,SG,75.0,197.0,36.5,9.0,11.13,3.16,,,,
2583,Derrick Zimmerman,2003,PG,73.0,190.0,40.5,13.0,11.09,3.1,,,,5.3
1626180,Michael Qualls,2015,SG-SF,76.0,201.4,39.5,9.0,11.88,3.18,,9.0,10.25,4.0
12162,Troy Ostler,2001,PF-SF,80.75,200.0,29.5,2.0,13.42,3.5,,,,8.0
12142,Nate Johnson,2000,SF,78.5,211.5,33.5,13.0,11.9,3.33,,,,
1628960,Grayson Allen,2018,SG,75.0,198.0,40.5,,10.31,3.15,3.04,8.25,10.0,5.55
2800,Tony Bobbitt,2004,SG,74.75,185.0,,1.0,,,,,,7.3
101204,Dwayne Jones,2005,C-PF,80.5,242.2,31.5,15.0,11.87,3.25,,,,
201186,Stephane Lasme,2007,PF,77.0,213.0,36.0,17.0,11.73,3.22,,,,4.9
203914,Gary Harris,2014,SG,74.5,204.8,,,,,,8.5,9.5,4.55
1630190,Elijah Hughes,2020,SF-SG,76.75,229.0,,,,,,8.5,8.75,10.2
12186,Nick George,2006,SF-SG,76.0,201.0,38.0,14.0,11.69,3.25,,,,6.0
1630214,Xavier Tillman Sr.,2020,PF-C,79.5,266.5,32.5,,11.8,3.49,3.01,10.25,11.0,8.5
1628991,Jaren Jackson,2018,PF-C,81.75,236.0,,,,,,10.0,10.0,7.2
1630199,Cassius Stanley,2020,SG,77.0,201.6,44.0,,11.4,3.09,2.43,8.25,9.0,5.8
1629052,O'Shae Brissett,2019,SF-PF,79.0,203.2,37.5,11.0,11.3,3.48,3.18,9.0,9.5,2.9
12081,Trevor Harvey,2003,C-PF,81.5,245.0,32.0,11.0,11.85,3.32,,,,10.5
2428,Vincent Yarbrough,2002,SF,77.5,202.0,34.0,10.0,11.7,3.32,,,,
1628968,Brian Bowen,2018,SG-SF,78.25,202.0,34.0,0.0,11.58,3.28,3.33,9.0,10.0,7.6
101147,Chris Taft,2005,PF,80.5,261.0,33.0,14.0,11.26,3.27,,,,
1627758,Ron Baker,2016,SG,75.25,212.4,35.5,,10.77,3.45,2.96,8.75,9.5,7.85
1630230,Naji Marshall,2020,SF,77.75,233.5,35.0,,11.77,3.37,2.9,9.25,10.5,8.7
200807,Will Blalock,2006,PG,71.25,194.0,40.0,8.0,11.08,3.18,,,,7.2
201958,Rodrigue Beaubois,2009,PG,73.25,182.4,39.0,3.0,10.49,3.15,,,,7.9
1629027,Trae Young,2018,PG,72.5,177.8,,,,,,8.0,9.25,5.35
1628967,Tyus Battle,2018,SG,77.0,200.2,37.5,9.0,11.04,3.07,2.87,8.5,9.25,4.0
1628959,Rawle Alkins,2017,SG-SF,74.5,222.6,40.5,7.0,11.99,3.3,3.18,8.75,10.0,11.0
203097,Fab Melo,2012,C,82.75,255.0,31.0,9.0,12.14,3.44,,9.0,10.0,9.2
200848,Steven Smith,2006,SF-PF,79.5,238.0,34.5,15.0,12.08,3.4,,,,7.8
202708,Norris Cole,2011,PG,72.25,174.4,38.5,11.0,10.07,3.22,,8.5,9.5,4.7
2743,Kris Humphries,2004,PF,80.25,238.0,36.0,22.0,11.33,3.2,,,,6.7
1629653,Devon Dotson,2019,PG,72.0,178.6,38.5,7.0,10.63,3.04,2.8,8.25,9.5,5.9
2398,Jay Williams,2002,PG,72.25,197.0,36.0,10.0,10.34,3.09,,,,
101122,Danny Granger,2005,,79.5,225.4,34.0,10.0,10.84,3.34,,,,
12130,Sean Dockery,2006,PG-SG,72.75,182.0,33.0,4.0,10.88,3.34,,,,7.3
2080,Igor Rakocevic,2000,PG,74.5,184.0,34.0,9.0,10.4,3.1,,,,
201985,A.J. Price,2009,PG,72.5,192.8,31.0,11.0,10.99,3.22,,,,12.4
200822,Pops Mensah-Bonsu,2006,PF-C,79.5,232.0,36.0,19.0,11.47,3.29,,,,5.8
200969,Mustafa Al-Sayyad,2005,PF-C,,,30.5,,11.56,3.42,,,,
1629657,Kyle Guy,2019,SG,72.75,167.8,36.5,4.0,10.48,3.27,3.07,8.0,8.75,5.7
1628443,Kadeem Allen,2017,PG,73.0,192.4,35.5,7.0,11.24,3.15,2.98,8.5,8.75,6.4
2845,Erik Daniels,2004,SF-PF,78.25,223.0,32.0,4.0,11.38,3.19,,,,18.5
12128,Taquan Dean,2006,SG-PG,74.0,183.0,34.5,16.0,10.53,3.2,,,,3.9
2746,Josh Smith,2004,SG-SF,79.0,221.0,39.5,12.0,11.43,3.24,,,,6.7
203087,Jeremy Lamb,2012,SG,76.0,179.2,38.0,5.0,10.98,3.25,,8.75,9.25,4.5
203464,Brandon Paul,2013,SG,74.75,201.0,39.5,15.0,11.16,3.37,2.9,8.5,9.5,5.25
200555,TJ Cummings,2004,SF,79.5,215.0,31.0,6.0,11.58,3.12,,,,6.7
101131,Jason Maxiell,2005,PF,77.0,257.6,,,,,,,,
12229,Renaldas Seibutis,2007,SG,76.0,185.0,32.5,1.0,11.33,3.39,,,,6.1
1628431,V.J. Beachem,2017,SG-SF,78.25,193.4,37.0,11.0,11.18,3.26,3.19,8.5,9.0,6.8
2084,Chris Porter,2000,SF-PF,77.5,214.0,35.0,6.0,10.93,3.2,,,,
203919,Jordan Adams,2014,SG,75.5,208.8,29.5,,12.13,3.5,3.05,8.5,7.5,10.8
203511,Grant Jerrett,2013,PF,80.75,232.0,34.0,2.0,11.85,3.51,3.23,8.5,9.25,10.05
-1,Drago Pasalic,2004,PF,81.25,231.0,30.0,8.0,12.97,3.56,,,,12.9
200770,Jordan Farmar,2006,PG,72.75,171.0,42.0,11.0,11.07,3.17,,,,4.4
12242,Brian Butch,2008,C-PF,81.5,229.6,26.5,9.0,11.87,3.52,,,,10.8
203472,Deshaun Thomas,2013,SF,77.0,219.8,32.0,5.0,12.94,3.53,3.38,8.0,8.75,9.1
200793,Dee Brown,2005,PG-SG,71.0,179.0,,,,,,,,
1627775,Patrick McCaw,2016,PG-SG,77.25,180.8,38.0,,11.01,3.3,2.97,8.75,8.75,4.7
12236,DaShaun Wood,2007,PG,70.75,167.0,34.5,13.0,11.4,3.23,,,,5.4
2060,Marko Jaric,2000,SG-SF,78.5,210.0,33.0,,11.32,3.28,,,,
203138,Hollis Thompson,2012,SF,78.75,206.0,36.5,6.0,11.72,3.38,,8.25,9.75,6.0
1628405,Johnathan Motley,2017,PF,79.75,238.2,,,,,,9.0,9.5,
1628982,Melvin Frazier,2018,SF-SG,76.5,198.2,40.5,0.0,11.24,3.08,3.08,9.5,9.5,7.9
12260,Marcelus Kemp,2008,SG,75.0,221.0,30.0,9.0,11.79,3.39,,,,9.0
12133,Ed Cota,2000,PG,72.25,189.0,33.5,1.0,10.98,3.24,,,,
101119,Rashad McCants,2005,SG,74.75,201.0,34.5,15.0,10.39,3.11,,,,
1628964,Mohamed Bamba,2018,C,83.25,225.6,,,,,,9.75,10.25,6.2
2548,Dwyane Wade,2003,SG-SF,75.75,212.0,35.0,9.0,10.56,3.08,,,,6.7
1628984,Devonte Graham,2018,PG,72.25,186.4,37.0,14.0,11.28,3.21,3.15,8.5,9.5,4.8
1628421,Devin Robinson,2017,SF,79.0,189.6,41.5,10.0,12.85,3.23,3.61,9.25,10.25,3.2
203941,LaQuinton Ross,2014,SF,78.5,238.7,31.0,,11.97,3.44,3.52,8.75,9.75,16.3
1630220,Paul Eboua,2020,SF-PF,78.0,222.2,35.5,,10.79,3.19,2.44,9.0,10.25,3.8
2555,Nick Collison,2003,PF,80.75,255.0,33.0,8.0,11.62,3.28,,,,17.0
202335,Patrick Patterson,2010,PF,80.0,239.6,33.5,17.0,11.14,3.25,,9.25,10.25,5.3
1629644,KZ Okpala,2019,SF,79.25,209.6,37.0,9.0,10.88,3.38,3.13,9.25,9.25,4.6
12330,Sylven Landesberg,2010,SG,76.75,210.0,32.0,8.0,11.59,3.36,,8.75,10.75,11.6
12129,Terence Dials,2006,PF-C,79.75,253.0,30.0,16.0,11.54,3.5,,,,15.8
1628993,Alize Johnson,2018,PF,79.25,216.6,31.0,8.0,11.83,3.38,3.28,8.5,9.75,8.1
1628416,Tyler Dorsey,2017,SG,75.0,182.6,36.0,8.0,10.55,3.16,2.98,8.5,9.25,4.7
12187,Taj Gray,2006,PF-SF,79.25,231.0,33.0,10.0,11.02,3.45,,,,6.8
1629002,Chimezie Metu,2018,PF-C,80.5,219.6,36.0,5.0,11.89,3.33,3.25,9.0,9.25,5.05
12334,Artsiom Parakhouski,2010,C,82.25,268.2,26.5,16.0,12.07,3.33,,9.0,10.5,6.0
203476,Gorgui Dieng,2013,C,81.75,229.6,,,,,,9.0,10.0,5.35
204456,TJ McConnell,2015,PG,72.5,187.8,31.5,7.0,10.95,3.3,3.09,7.5,7.0,7.3
203092,Tyler Zeller,2012,PF-C,83.25,247.4,34.0,16.0,11.13,3.4,,9.0,9.75,6.4
1628403,Caleb Swanigan,2016,PF,79.5,246.6,29.0,,12.8,,,9.0,10.25,12.55
12286,Lubos Barton,2002,SF-SG,78.5,221.0,31.5,14.0,11.2,3.31,,,,
202334,Ed Davis,2010,PF,81.0,226.6,36.0,,11.7,3.21,,9.25,10.0,10.0
101214,Jawad Williams,2005,SF,79.0,218.0,34.0,15.0,11.39,3.23,,,,
200764,Renaldo Balkman,2006,SF-PF,77.25,206.0,35.0,9.0,11.58,3.22,,,,4.9
2865,Arthur Johnson,2004,PF-C,79.0,262.0,28.5,14.0,11.81,3.38,,,,16.3
1629036,Isaac Haas,2018,C,85.25,303.0,,,,,,10.0,10.5,12.55
12127,Keydren Clark,2006,PG,69.0,184.0,34.0,13.0,11.03,3.11,,,,11.6
203134,Marcus Denmon,2012,SG,74.25,188.2,40.0,8.0,10.82,3.19,,8.25,9.75,6.6
1629666,Charles Matthews,2019,SG,77.0,194.8,37.5,9.0,11.26,3.38,3.24,8.5,8.75,3.8
203922,Glenn Robinson III,2014,SF,77.5,211.4,41.5,,11.22,3.15,3.04,9.0,9.5,5.05
2508,Gabe Muoneke,2000,PF-SF,78.25,244.0,34.0,22.0,11.0,3.4,,,,
12221,Antanas Kavaliauskas,2007,PF,81.0,237.0,30.0,19.0,11.19,3.42,,,,7.7
12225,Ivan Radenovic,2007,PF,81.0,226.0,28.0,7.0,11.61,3.6,,,,9.8
203090,Maurice Harkless,2012,SF,79.25,206.6,37.0,5.0,10.87,3.25,,9.25,10.25,5.3
1629034,Ray Spalding,2018,PF,81.0,215.4,32.0,12.0,11.48,3.34,3.2,9.25,9.0,5.55
202151,Rashad Anderson,2006,SG,75.25,224.0,32.5,13.0,11.77,3.48,,,,17.3
202683,Enes Kanter,2011,PF-C,81.75,259.2,32.5,14.0,11.3,3.26,,9.5,10.75,5.9
101249,John Lucas III,2005,PG,69.25,154.4,34.0,4.0,10.44,3.14,,,,
12102,Wesley Wilson,2003,C-PF,82.25,257.0,30.5,20.0,12.19,3.3,,,,12.4
12134,Schea Cotton,2000,SF,76.25,219.5,38.0,19.0,11.55,3.0,,,,
101111,Charlie Villanueva,2005,PF-SF,81.0,236.6,31.0,11.0,10.86,3.3,,,,
1628981,Bruno Fernando,2019,C,80.75,237.0,33.5,13.0,11.29,3.21,3.05,9.25,10.0,5.4
1628424,Kobi Simmons,2017,PG,75.25,166.2,38.5,3.0,11.15,3.18,2.98,8.5,9.5,5.0
203940,Adreian Payne,2014,PF,81.0,238.5,,,,,,9.25,9.5,7.55
1629655,Daniel Gafford,2019,PF,81.25,237.6,36.5,5.0,11.61,3.25,3.19,9.25,9.25,5.9
12293,Nate Williams,2004,PF-SF,80.5,240.0,26.0,1.0,12.6,3.35,,,,12.4
201651,James Mays,2008,PF,78.75,227.0,35.0,13.0,11.23,3.19,,,,8.8
1626174,Christian Wood,2015,PF,81.25,216.0,,,,,,9.25,10.75,14.7
12151,Jerry Green,2001,PG-SG,73.5,179.0,35.0,13.0,11.7,3.17,,,,5.5
12057,Elvin Mims,2002,SF-SG,76.25,211.0,38.0,7.0,11.17,3.22,,,,
2198,Kwame Brown,2001,PF-C,82.0,243.0,33.0,17.0,11.59,3.45,,,,8.9
12043,Lenny Cooke,2002,SG-SF,77.5,214.0,,0.0,,,,,,
1629617,Reggie Perry,2019,SF-PF,80.0,250.8,31.5,15.0,12.46,3.3,3.4,9.0,10.0,6.7
12132,Eric Coley,2000,SG-SF,76.0,205.0,38.0,10.0,11.4,3.15,,,,
2090,Justin Love,2000,PG-SG,73.5,205.5,38.5,24.0,10.99,3.31,,,,
1628977,Hamidou Diallo,2017,SG-SF,75.75,197.4,44.5,0.0,10.88,3.11,2.79,8.5,9.5,5.2
2213,Kirk Haston,2001,PF-SF,80.0,242.0,31.5,11.0,12.25,3.35,,,,10.5
